-- phpMyAdmin SQL Dump
-- version 4.8.0
-- https://www.phpmyadmin.net/
--
-- Host: localhost
-- Generation Time: Jun 22, 2019 at 05:34 PM
-- Server version: 10.1.31-MariaDB
-- PHP Version: 7.2.4

SET SQL_MODE = "NO_AUTO_VALUE_ON_ZERO";
SET AUTOCOMMIT = 0;
START TRANSACTION;
SET time_zone = "+00:00";


/*!40101 SET @OLD_CHARACTER_SET_CLIENT=@@CHARACTER_SET_CLIENT */;
/*!40101 SET @OLD_CHARACTER_SET_RESULTS=@@CHARACTER_SET_RESULTS */;
/*!40101 SET @OLD_COLLATION_CONNECTION=@@COLLATION_CONNECTION */;
/*!40101 SET NAMES utf8mb4 */;

--
-- Database: `sp_bdi`
--

-- --------------------------------------------------------

--
-- Table structure for table `admin_menu`
--

CREATE TABLE `admin_menu` (
  `id` int(10) UNSIGNED NOT NULL,
  `parent_id` int(11) NOT NULL DEFAULT '0',
  `order` int(11) NOT NULL DEFAULT '0',
  `title` varchar(50) COLLATE utf8mb4_unicode_ci NOT NULL,
  `icon` varchar(50) COLLATE utf8mb4_unicode_ci NOT NULL,
  `uri` varchar(50) COLLATE utf8mb4_unicode_ci DEFAULT NULL,
  `permission` varchar(191) COLLATE utf8mb4_unicode_ci DEFAULT NULL,
  `created_at` timestamp NULL DEFAULT NULL,
  `updated_at` timestamp NULL DEFAULT NULL
) ENGINE=InnoDB DEFAULT CHARSET=utf8mb4 COLLATE=utf8mb4_unicode_ci;

--
-- Dumping data for table `admin_menu`
--

INSERT INTO `admin_menu` (`id`, `parent_id`, `order`, `title`, `icon`, `uri`, `permission`, `created_at`, `updated_at`) VALUES
(1, 0, 1, 'Index', 'fa-bar-chart', '/', NULL, NULL, NULL),
(2, 0, 2, 'Admin', 'fa-tasks', '', NULL, NULL, NULL),
(3, 2, 3, 'Users', 'fa-users', 'auth/users', NULL, NULL, NULL),
(4, 2, 4, 'Roles', 'fa-user', 'auth/roles', NULL, NULL, NULL),
(5, 2, 5, 'Permission', 'fa-ban', 'auth/permissions', NULL, NULL, NULL),
(6, 2, 6, 'Menu', 'fa-bars', 'auth/menu', NULL, NULL, NULL),
(7, 2, 7, 'Operation log', 'fa-history', 'auth/logs', NULL, NULL, NULL),
(8, 10, 0, 'Gejala', 'fa-bars', '/gejala', '*', '2019-02-10 08:03:16', '2019-06-17 05:03:31'),
(9, 10, 0, 'Diagnosa', 'fa-search', 'diagnosa', '*', '2019-02-10 17:01:10', '2019-06-17 05:03:45'),
(10, 0, 0, 'Master Data', 'fa-database', NULL, '*', '2019-06-17 05:03:18', '2019-06-17 05:03:18'),
(11, 10, 0, 'Master Agama', 'fa-bank', 'agama', '*', '2019-06-17 07:10:06', '2019-06-17 07:10:06'),
(12, 10, 0, 'Master Jenis Kelamin', 'fa-intersex', 'jenis-kelamin', '*', '2019-06-17 07:10:43', '2019-06-17 07:10:43'),
(13, 10, 0, 'Master Pekerjaan', 'fa-suitcase', 'pekerjaan', '*', '2019-06-17 07:11:11', '2019-06-17 07:11:11'),
(14, 10, 0, 'Master Pendidikan', 'fa-book', 'pendidikan', '*', '2019-06-17 07:11:48', '2019-06-17 07:11:48'),
(15, 10, 0, 'Master Status Perkawinan', 'fa-user', 'status-perkawinan', '*', '2019-06-17 07:12:35', '2019-06-17 07:12:35'),
(16, 10, 0, 'Master Solusi', 'fa-bars', 'solusi', '*', '2019-06-17 07:19:45', '2019-06-17 07:19:45'),
(17, 0, 0, 'Pasien', 'fa-users', '/pasien', '*', '2019-06-22 03:21:14', '2019-06-22 03:21:14');

-- --------------------------------------------------------

--
-- Table structure for table `admin_operation_log`
--

CREATE TABLE `admin_operation_log` (
  `id` int(10) UNSIGNED NOT NULL,
  `user_id` int(11) NOT NULL,
  `path` varchar(191) COLLATE utf8mb4_unicode_ci NOT NULL,
  `method` varchar(10) COLLATE utf8mb4_unicode_ci NOT NULL,
  `ip` varchar(191) COLLATE utf8mb4_unicode_ci NOT NULL,
  `input` text COLLATE utf8mb4_unicode_ci NOT NULL,
  `created_at` timestamp NULL DEFAULT NULL,
  `updated_at` timestamp NULL DEFAULT NULL
) ENGINE=InnoDB DEFAULT CHARSET=utf8mb4 COLLATE=utf8mb4_unicode_ci;

--
-- Dumping data for table `admin_operation_log`
--

INSERT INTO `admin_operation_log` (`id`, `user_id`, `path`, `method`, `ip`, `input`, `created_at`, `updated_at`) VALUES
(1, 1, 'admin/gejala', 'GET', '127.0.0.1', '[]', '2019-02-10 08:02:44', '2019-02-10 08:02:44'),
(2, 1, 'admin/auth/users', 'GET', '127.0.0.1', '{\"_pjax\":\"#pjax-container\"}', '2019-02-10 08:02:49', '2019-02-10 08:02:49'),
(3, 1, 'admin/auth/roles', 'GET', '127.0.0.1', '{\"_pjax\":\"#pjax-container\"}', '2019-02-10 08:02:50', '2019-02-10 08:02:50'),
(4, 1, 'admin', 'GET', '127.0.0.1', '{\"_pjax\":\"#pjax-container\"}', '2019-02-10 08:02:52', '2019-02-10 08:02:52'),
(5, 1, 'admin/auth/menu', 'GET', '127.0.0.1', '{\"_pjax\":\"#pjax-container\"}', '2019-02-10 08:02:55', '2019-02-10 08:02:55'),
(6, 1, 'admin/auth/menu', 'POST', '127.0.0.1', '{\"parent_id\":\"0\",\"title\":\"Gejala\",\"icon\":\"fa-bars\",\"uri\":\"\\/gejala\",\"roles\":[\"1\",null],\"permission\":\"*\",\"_token\":\"46W3roMTTxNQ0T5bOz0v8hLobzmHtPatV5PqJKOE\"}', '2019-02-10 08:03:16', '2019-02-10 08:03:16'),
(7, 1, 'admin/auth/menu', 'GET', '127.0.0.1', '[]', '2019-02-10 08:03:16', '2019-02-10 08:03:16'),
(8, 1, 'admin/auth/menu', 'GET', '127.0.0.1', '[]', '2019-02-10 08:03:17', '2019-02-10 08:03:17'),
(9, 1, 'admin/gejala', 'GET', '127.0.0.1', '{\"_pjax\":\"#pjax-container\"}', '2019-02-10 08:03:19', '2019-02-10 08:03:19'),
(10, 1, 'admin/gejala', 'GET', '127.0.0.1', '[]', '2019-02-10 08:04:09', '2019-02-10 08:04:09'),
(11, 1, 'admin/gejala', 'GET', '127.0.0.1', '[]', '2019-02-10 08:05:39', '2019-02-10 08:05:39'),
(12, 1, 'admin/gejala', 'GET', '127.0.0.1', '[]', '2019-02-10 08:06:05', '2019-02-10 08:06:05'),
(13, 1, 'admin/gejala', 'GET', '127.0.0.1', '[]', '2019-02-10 08:06:10', '2019-02-10 08:06:10'),
(14, 1, 'admin/gejala', 'GET', '127.0.0.1', '[]', '2019-02-10 08:06:32', '2019-02-10 08:06:32'),
(15, 1, 'admin/gejala', 'GET', '127.0.0.1', '{\"_pjax\":\"#pjax-container\"}', '2019-02-10 08:06:35', '2019-02-10 08:06:35'),
(16, 1, 'admin/gejala', 'GET', '127.0.0.1', '[]', '2019-02-10 08:15:10', '2019-02-10 08:15:10'),
(17, 1, 'admin/gejala', 'GET', '127.0.0.1', '[]', '2019-02-10 08:26:33', '2019-02-10 08:26:33'),
(18, 1, 'admin/gejala', 'GET', '127.0.0.1', '[]', '2019-02-10 08:26:47', '2019-02-10 08:26:47'),
(19, 1, 'admin/gejala', 'GET', '127.0.0.1', '[]', '2019-02-10 08:27:37', '2019-02-10 08:27:37'),
(20, 1, 'admin/gejala', 'GET', '127.0.0.1', '[]', '2019-02-10 08:27:54', '2019-02-10 08:27:54'),
(21, 1, 'admin/gejala', 'GET', '127.0.0.1', '[]', '2019-02-10 08:30:33', '2019-02-10 08:30:33'),
(22, 1, 'admin/gejala', 'GET', '127.0.0.1', '[]', '2019-02-10 08:30:50', '2019-02-10 08:30:50'),
(23, 1, 'admin/gejala', 'GET', '127.0.0.1', '[]', '2019-02-10 08:31:34', '2019-02-10 08:31:34'),
(24, 1, 'admin/gejala/1/edit', 'GET', '127.0.0.1', '{\"_pjax\":\"#pjax-container\"}', '2019-02-10 08:31:38', '2019-02-10 08:31:38'),
(25, 1, 'admin/gejala', 'GET', '127.0.0.1', '[]', '2019-02-10 08:31:38', '2019-02-10 08:31:38'),
(26, 1, 'admin/gejala', 'GET', '127.0.0.1', '{\"page\":\"2\",\"_pjax\":\"#pjax-container\"}', '2019-02-10 08:31:44', '2019-02-10 08:31:44'),
(27, 1, 'admin/gejala', 'GET', '127.0.0.1', '{\"_pjax\":\"#pjax-container\",\"page\":\"3\"}', '2019-02-10 08:31:46', '2019-02-10 08:31:46'),
(28, 1, 'admin/gejala', 'GET', '127.0.0.1', '{\"_pjax\":\"#pjax-container\",\"page\":\"5\"}', '2019-02-10 08:31:51', '2019-02-10 08:31:51'),
(29, 1, 'admin/gejala', 'GET', '127.0.0.1', '{\"page\":\"5\"}', '2019-02-10 08:32:14', '2019-02-10 08:32:14'),
(30, 1, 'admin/gejala', 'GET', '127.0.0.1', '{\"page\":\"1\",\"_pjax\":\"#pjax-container\"}', '2019-02-10 08:32:17', '2019-02-10 08:32:17'),
(31, 1, 'admin/gejala', 'GET', '127.0.0.1', '{\"page\":\"1\"}', '2019-02-10 08:32:41', '2019-02-10 08:32:41'),
(32, 1, 'admin/gejala', 'GET', '127.0.0.1', '{\"page\":\"1\"}', '2019-02-10 08:32:55', '2019-02-10 08:32:55'),
(33, 1, 'admin/gejala', 'GET', '127.0.0.1', '{\"page\":\"1\"}', '2019-02-10 08:33:44', '2019-02-10 08:33:44'),
(34, 1, 'admin/gejala', 'GET', '127.0.0.1', '{\"page\":\"1\"}', '2019-02-10 08:33:51', '2019-02-10 08:33:51'),
(35, 1, 'admin/gejala/create', 'GET', '127.0.0.1', '{\"_pjax\":\"#pjax-container\"}', '2019-02-10 08:33:52', '2019-02-10 08:33:52'),
(36, 1, 'admin/gejala', 'GET', '127.0.0.1', '{\"page\":\"1\"}', '2019-02-10 08:33:53', '2019-02-10 08:33:53'),
(37, 1, 'admin/gejala', 'GET', '127.0.0.1', '{\"page\":\"1\"}', '2019-02-10 08:34:04', '2019-02-10 08:34:04'),
(38, 1, 'admin/gejala', 'GET', '127.0.0.1', '{\"page\":\"1\"}', '2019-02-10 08:34:09', '2019-02-10 08:34:09'),
(39, 1, 'admin/gejala', 'GET', '127.0.0.1', '{\"page\":\"1\"}', '2019-02-10 08:34:22', '2019-02-10 08:34:22'),
(40, 1, 'admin/gejala', 'GET', '127.0.0.1', '{\"page\":\"1\"}', '2019-02-10 08:34:34', '2019-02-10 08:34:34'),
(41, 1, 'admin/gejala', 'GET', '127.0.0.1', '{\"page\":\"1\"}', '2019-02-10 08:35:11', '2019-02-10 08:35:11'),
(42, 1, 'admin/gejala', 'GET', '127.0.0.1', '{\"page\":\"1\"}', '2019-02-10 08:35:19', '2019-02-10 08:35:19'),
(43, 1, 'admin/gejala', 'GET', '127.0.0.1', '{\"page\":\"1\"}', '2019-02-10 08:36:01', '2019-02-10 08:36:01'),
(44, 1, 'admin/gejala', 'GET', '127.0.0.1', '{\"page\":\"1\"}', '2019-02-10 08:36:11', '2019-02-10 08:36:11'),
(45, 1, 'admin/gejala', 'GET', '127.0.0.1', '{\"page\":\"1\"}', '2019-02-10 08:36:52', '2019-02-10 08:36:52'),
(46, 1, 'admin/gejala', 'GET', '127.0.0.1', '{\"page\":\"1\"}', '2019-02-10 08:38:45', '2019-02-10 08:38:45'),
(47, 1, 'admin/gejala', 'GET', '127.0.0.1', '{\"page\":\"1\",\"_pjax\":\"#pjax-container\"}', '2019-02-10 08:38:51', '2019-02-10 08:38:51'),
(48, 1, 'admin/gejala', 'GET', '127.0.0.1', '{\"page\":\"1\"}', '2019-02-10 08:38:59', '2019-02-10 08:38:59'),
(49, 1, 'admin/gejala', 'GET', '127.0.0.1', '{\"page\":\"1\"}', '2019-02-10 08:39:07', '2019-02-10 08:39:07'),
(50, 1, 'admin/gejala', 'GET', '127.0.0.1', '{\"page\":\"1\"}', '2019-02-10 08:39:57', '2019-02-10 08:39:57'),
(51, 1, 'admin/gejala', 'GET', '127.0.0.1', '{\"page\":\"1\"}', '2019-02-10 08:40:17', '2019-02-10 08:40:17'),
(52, 1, 'admin/gejala', 'GET', '127.0.0.1', '{\"page\":\"6\",\"_pjax\":\"#pjax-container\"}', '2019-02-10 08:40:24', '2019-02-10 08:40:24'),
(53, 1, 'admin/gejala', 'GET', '127.0.0.1', '{\"_pjax\":\"#pjax-container\",\"page\":\"1\"}', '2019-02-10 08:40:26', '2019-02-10 08:40:26'),
(54, 1, 'admin/auth/menu', 'GET', '127.0.0.1', '[]', '2019-02-10 08:40:51', '2019-02-10 08:40:51'),
(55, 1, 'admin/auth/menu', 'GET', '127.0.0.1', '[]', '2019-02-10 08:41:05', '2019-02-10 08:41:05'),
(56, 1, 'admin/gejala', 'GET', '127.0.0.1', '{\"_pjax\":\"#pjax-container\"}', '2019-02-10 08:41:06', '2019-02-10 08:41:06'),
(57, 1, 'admin/gejala', 'GET', '127.0.0.1', '[]', '2019-02-10 08:41:07', '2019-02-10 08:41:07'),
(58, 1, 'admin/gejala', 'GET', '127.0.0.1', '[]', '2019-02-10 08:41:15', '2019-02-10 08:41:15'),
(59, 1, 'admin/gejala', 'GET', '127.0.0.1', '[]', '2019-02-10 08:41:32', '2019-02-10 08:41:32'),
(60, 1, 'admin/gejala', 'GET', '127.0.0.1', '[]', '2019-02-10 08:41:53', '2019-02-10 08:41:53'),
(61, 1, 'admin/gejala/1', 'GET', '127.0.0.1', '{\"_pjax\":\"#pjax-container\"}', '2019-02-10 08:41:56', '2019-02-10 08:41:56'),
(62, 1, 'admin/gejala', 'GET', '127.0.0.1', '[]', '2019-02-10 08:41:57', '2019-02-10 08:41:57'),
(63, 1, 'admin/gejala', 'GET', '127.0.0.1', '[]', '2019-02-10 08:42:07', '2019-02-10 08:42:07'),
(64, 1, 'admin/gejala/1/edit', 'GET', '127.0.0.1', '{\"_pjax\":\"#pjax-container\"}', '2019-02-10 08:42:09', '2019-02-10 08:42:09'),
(65, 1, 'admin/gejala', 'GET', '127.0.0.1', '[]', '2019-02-10 08:42:09', '2019-02-10 08:42:09'),
(66, 1, 'admin/gejala', 'GET', '127.0.0.1', '[]', '2019-02-10 08:42:12', '2019-02-10 08:42:12'),
(67, 1, 'admin/gejala', 'GET', '127.0.0.1', '[]', '2019-02-10 08:42:36', '2019-02-10 08:42:36'),
(68, 1, 'admin/gejala', 'GET', '127.0.0.1', '{\"page\":\"1\"}', '2019-02-10 08:43:56', '2019-02-10 08:43:56'),
(69, 1, 'admin/gejala', 'GET', '127.0.0.1', '{\"page\":\"1\"}', '2019-02-10 08:45:49', '2019-02-10 08:45:49'),
(70, 1, 'admin/gejala', 'GET', '127.0.0.1', '{\"page\":\"2\",\"_pjax\":\"#pjax-container\"}', '2019-02-10 08:46:33', '2019-02-10 08:46:33'),
(71, 1, 'admin/gejala', 'GET', '127.0.0.1', '{\"_pjax\":\"#pjax-container\",\"page\":\"6\"}', '2019-02-10 08:46:36', '2019-02-10 08:46:36'),
(72, 1, 'admin/gejala', 'GET', '127.0.0.1', '{\"_pjax\":\"#pjax-container\",\"page\":\"1\"}', '2019-02-10 08:46:54', '2019-02-10 08:46:54'),
(73, 1, 'admin/gejala/create', 'GET', '127.0.0.1', '{\"_pjax\":\"#pjax-container\"}', '2019-02-10 08:49:31', '2019-02-10 08:49:31'),
(74, 1, 'admin/gejala', 'GET', '127.0.0.1', '{\"page\":\"1\"}', '2019-02-10 08:49:32', '2019-02-10 08:49:32'),
(75, 1, 'admin/gejala/1', 'GET', '127.0.0.1', '{\"_pjax\":\"#pjax-container\"}', '2019-02-10 08:50:23', '2019-02-10 08:50:23'),
(76, 1, 'admin/gejala', 'GET', '127.0.0.1', '{\"page\":\"1\"}', '2019-02-10 08:50:23', '2019-02-10 08:50:23'),
(77, 1, 'admin', 'GET', '127.0.0.1', '[]', '2019-02-10 16:08:46', '2019-02-10 16:08:46'),
(78, 1, 'admin/gejala', 'GET', '127.0.0.1', '{\"_pjax\":\"#pjax-container\"}', '2019-02-10 16:08:48', '2019-02-10 16:08:48'),
(79, 1, 'admin/gejala/1/edit', 'GET', '127.0.0.1', '{\"_pjax\":\"#pjax-container\"}', '2019-02-10 16:08:52', '2019-02-10 16:08:52'),
(80, 1, 'admin/gejala', 'GET', '127.0.0.1', '[]', '2019-02-10 16:08:52', '2019-02-10 16:08:52'),
(81, 1, 'admin/gejala', 'GET', '127.0.0.1', '[]', '2019-02-10 16:10:48', '2019-02-10 16:10:48'),
(82, 1, 'admin/gejala', 'GET', '127.0.0.1', '[]', '2019-02-10 16:11:15', '2019-02-10 16:11:15'),
(83, 1, 'admin/gejala', 'GET', '127.0.0.1', '[]', '2019-02-10 16:11:35', '2019-02-10 16:11:35'),
(84, 1, 'admin/gejala/1', 'DELETE', '127.0.0.1', '{\"_method\":\"delete\",\"_token\":\"0heNBfnpzPHb4gLxDKbGUNabGhDRciFjvdTxIOKY\"}', '2019-02-10 16:12:06', '2019-02-10 16:12:06'),
(85, 1, 'admin/gejala', 'GET', '127.0.0.1', '[]', '2019-02-10 16:12:33', '2019-02-10 16:12:33'),
(86, 1, 'admin/gejala/1/edit', 'GET', '127.0.0.1', '{\"_pjax\":\"#pjax-container\"}', '2019-02-10 16:13:38', '2019-02-10 16:13:38'),
(87, 1, 'admin/gejala', 'GET', '127.0.0.1', '[]', '2019-02-10 16:13:38', '2019-02-10 16:13:38'),
(88, 1, 'admin/gejala', 'GET', '127.0.0.1', '[]', '2019-02-10 16:16:32', '2019-02-10 16:16:32'),
(89, 1, 'admin/gejala/1/edit', 'GET', '127.0.0.1', '{\"_pjax\":\"#pjax-container\"}', '2019-02-10 16:16:33', '2019-02-10 16:16:33'),
(90, 1, 'admin/gejala', 'GET', '127.0.0.1', '[]', '2019-02-10 16:16:34', '2019-02-10 16:16:34'),
(91, 1, 'admin/gejala', 'GET', '127.0.0.1', '[]', '2019-02-10 16:17:45', '2019-02-10 16:17:45'),
(92, 1, 'admin/gejala', 'GET', '127.0.0.1', '[]', '2019-02-10 16:18:04', '2019-02-10 16:18:04'),
(93, 1, 'admin/gejala', 'GET', '127.0.0.1', '[]', '2019-02-10 16:18:18', '2019-02-10 16:18:18'),
(94, 1, 'admin/gejala', 'GET', '127.0.0.1', '[]', '2019-02-10 16:19:21', '2019-02-10 16:19:21'),
(95, 1, 'admin/gejala', 'GET', '127.0.0.1', '[]', '2019-02-10 16:21:33', '2019-02-10 16:21:33'),
(96, 1, 'admin/gejala', 'GET', '127.0.0.1', '[]', '2019-02-10 16:21:57', '2019-02-10 16:21:57'),
(97, 1, 'admin/gejala/edit/1', 'GET', '127.0.0.1', '{\"_pjax\":\"#pjax-container\"}', '2019-02-10 16:21:58', '2019-02-10 16:21:58'),
(98, 1, 'admin/gejala', 'GET', '127.0.0.1', '[]', '2019-02-10 16:21:59', '2019-02-10 16:21:59'),
(99, 1, 'admin/gejala', 'GET', '127.0.0.1', '[]', '2019-02-10 16:22:38', '2019-02-10 16:22:38'),
(100, 1, 'admin/gejala/edit/1', 'GET', '127.0.0.1', '{\"_pjax\":\"#pjax-container\"}', '2019-02-10 16:22:39', '2019-02-10 16:22:39'),
(101, 1, 'admin/gejala', 'GET', '127.0.0.1', '[]', '2019-02-10 16:22:39', '2019-02-10 16:22:39'),
(102, 1, 'admin', 'GET', '127.0.0.1', '[]', '2019-02-10 16:24:49', '2019-02-10 16:24:49'),
(103, 1, 'admin/gejala', 'GET', '127.0.0.1', '[]', '2019-02-10 16:29:12', '2019-02-10 16:29:12'),
(104, 1, 'admin/gejala', 'GET', '127.0.0.1', '[]', '2019-02-10 16:29:23', '2019-02-10 16:29:23'),
(105, 1, 'admin/gejala/edit/1', 'GET', '127.0.0.1', '{\"_pjax\":\"#pjax-container\"}', '2019-02-10 16:29:24', '2019-02-10 16:29:24'),
(106, 1, 'admin/gejala', 'GET', '127.0.0.1', '[]', '2019-02-10 16:29:25', '2019-02-10 16:29:25'),
(107, 1, 'admin/gejala', 'GET', '127.0.0.1', '[]', '2019-02-10 16:30:40', '2019-02-10 16:30:40'),
(108, 1, 'admin/gejala/edit/1', 'GET', '127.0.0.1', '{\"_pjax\":\"#pjax-container\"}', '2019-02-10 16:30:41', '2019-02-10 16:30:41'),
(109, 1, 'admin/gejala', 'GET', '127.0.0.1', '[]', '2019-02-10 16:30:41', '2019-02-10 16:30:41'),
(110, 1, 'admin/gejala', 'GET', '127.0.0.1', '[]', '2019-02-10 16:30:56', '2019-02-10 16:30:56'),
(111, 1, 'admin/gejala', 'GET', '127.0.0.1', '{\"_pjax\":\"#pjax-container\"}', '2019-02-10 16:31:09', '2019-02-10 16:31:09'),
(112, 1, 'admin/gejala', 'GET', '127.0.0.1', '[]', '2019-02-10 16:47:11', '2019-02-10 16:47:11'),
(113, 1, 'admin/gejala/create', 'GET', '127.0.0.1', '{\"_pjax\":\"#pjax-container\"}', '2019-02-10 16:47:49', '2019-02-10 16:47:49'),
(114, 1, 'admin/gejala', 'GET', '127.0.0.1', '[]', '2019-02-10 16:47:49', '2019-02-10 16:47:49'),
(115, 1, 'admin/gejala/create', 'GET', '127.0.0.1', '{\"_pjax\":\"#pjax-container\"}', '2019-02-10 16:48:45', '2019-02-10 16:48:45'),
(116, 1, 'admin/gejala', 'GET', '127.0.0.1', '[]', '2019-02-10 16:48:45', '2019-02-10 16:48:45'),
(117, 1, 'admin/gejala', 'GET', '127.0.0.1', '[]', '2019-02-10 16:55:09', '2019-02-10 16:55:09'),
(118, 1, 'admin/gejala', 'GET', '127.0.0.1', '[]', '2019-02-10 16:55:15', '2019-02-10 16:55:15'),
(119, 1, 'admin/gejala/1', 'GET', '127.0.0.1', '{\"_pjax\":\"#pjax-container\"}', '2019-02-10 16:55:34', '2019-02-10 16:55:34'),
(120, 1, 'admin/gejala', 'GET', '127.0.0.1', '{\"_pjax\":\"#pjax-container\"}', '2019-02-10 16:55:40', '2019-02-10 16:55:40'),
(121, 1, 'admin/gejala/1/edit', 'GET', '127.0.0.1', '{\"_pjax\":\"#pjax-container\"}', '2019-02-10 16:55:42', '2019-02-10 16:55:42'),
(122, 1, 'admin/gejala/1/edit', 'GET', '127.0.0.1', '[]', '2019-02-10 16:55:56', '2019-02-10 16:55:56'),
(123, 1, 'admin/gejala/1/edit', 'GET', '127.0.0.1', '[]', '2019-02-10 16:56:02', '2019-02-10 16:56:02'),
(124, 1, 'admin/gejala/1', 'GET', '127.0.0.1', '{\"_pjax\":\"#pjax-container\"}', '2019-02-10 16:56:07', '2019-02-10 16:56:07'),
(125, 1, 'admin/gejala/1/edit', 'GET', '127.0.0.1', '{\"_pjax\":\"#pjax-container\"}', '2019-02-10 16:56:19', '2019-02-10 16:56:19'),
(126, 1, 'admin/gejala', 'GET', '127.0.0.1', '{\"_pjax\":\"#pjax-container\"}', '2019-02-10 16:56:31', '2019-02-10 16:56:31'),
(127, 1, 'admin/gejala', 'GET', '127.0.0.1', '{\"_pjax\":\"#pjax-container\"}', '2019-02-10 16:56:39', '2019-02-10 16:56:39'),
(128, 1, 'admin/gejala', 'GET', '127.0.0.1', '[]', '2019-02-10 16:59:58', '2019-02-10 16:59:58'),
(129, 1, 'admin/gejala', 'GET', '127.0.0.1', '{\"_pjax\":\"#pjax-container\"}', '2019-02-10 17:00:00', '2019-02-10 17:00:00'),
(130, 1, 'admin/auth/menu', 'GET', '127.0.0.1', '{\"_pjax\":\"#pjax-container\"}', '2019-02-10 17:00:10', '2019-02-10 17:00:10'),
(131, 1, 'admin/auth/menu', 'POST', '127.0.0.1', '{\"parent_id\":\"0\",\"title\":\"Diagnosa\",\"icon\":\"fa-search\",\"uri\":\"diagnosa\",\"roles\":[\"1\",null],\"permission\":\"*\",\"_token\":\"Kmz0FM4jlp7RC58fw9KkUjRlRi7UnPjNJQiDTHv6\"}', '2019-02-10 17:01:10', '2019-02-10 17:01:10'),
(132, 1, 'admin/auth/menu', 'GET', '127.0.0.1', '[]', '2019-02-10 17:01:10', '2019-02-10 17:01:10'),
(133, 1, 'admin/auth/menu', 'GET', '127.0.0.1', '[]', '2019-02-10 17:01:13', '2019-02-10 17:01:13'),
(134, 1, 'admin/auth/menu', 'GET', '127.0.0.1', '[]', '2019-02-10 17:02:30', '2019-02-10 17:02:30'),
(135, 1, 'admin/diagnosa', 'GET', '127.0.0.1', '{\"_pjax\":\"#pjax-container\"}', '2019-02-10 17:02:31', '2019-02-10 17:02:31'),
(136, 1, 'admin/diagnosa', 'GET', '127.0.0.1', '[]', '2019-02-10 17:03:56', '2019-02-10 17:03:56'),
(137, 1, 'admin/diagnosa/create', 'GET', '127.0.0.1', '{\"_pjax\":\"#pjax-container\"}', '2019-02-10 17:23:20', '2019-02-10 17:23:20'),
(138, 1, 'admin/diagnosa', 'GET', '127.0.0.1', '{\"_pjax\":\"#pjax-container\"}', '2019-02-10 17:23:24', '2019-02-10 17:23:24'),
(139, 1, 'admin/gejala', 'GET', '127.0.0.1', '{\"_pjax\":\"#pjax-container\"}', '2019-02-10 17:23:28', '2019-02-10 17:23:28'),
(140, 1, 'admin', 'GET', '127.0.0.1', '[]', '2019-02-10 18:01:36', '2019-02-10 18:01:36'),
(141, 1, 'admin', 'GET', '127.0.0.1', '[]', '2019-02-10 19:22:14', '2019-02-10 19:22:14'),
(142, 1, 'admin', 'GET', '127.0.0.1', '{\"_pjax\":\"#pjax-container\"}', '2019-02-10 19:23:04', '2019-02-10 19:23:04'),
(143, 1, 'admin/gejala', 'GET', '127.0.0.1', '{\"_pjax\":\"#pjax-container\"}', '2019-02-10 19:23:24', '2019-02-10 19:23:24'),
(144, 1, 'admin/diagnosa', 'GET', '127.0.0.1', '{\"_pjax\":\"#pjax-container\"}', '2019-02-10 19:25:52', '2019-02-10 19:25:52'),
(145, 1, 'admin/auth/users', 'GET', '127.0.0.1', '{\"_pjax\":\"#pjax-container\"}', '2019-02-10 19:27:21', '2019-02-10 19:27:21'),
(146, 1, 'admin/gejala', 'GET', '127.0.0.1', '{\"_pjax\":\"#pjax-container\"}', '2019-02-10 19:29:17', '2019-02-10 19:29:17'),
(147, 1, 'admin/gejala/create', 'GET', '127.0.0.1', '{\"_pjax\":\"#pjax-container\"}', '2019-02-10 19:29:19', '2019-02-10 19:29:19'),
(148, 1, 'admin/gejala', 'GET', '127.0.0.1', '{\"_pjax\":\"#pjax-container\"}', '2019-02-10 19:29:22', '2019-02-10 19:29:22'),
(149, 1, 'admin/gejala', 'GET', '127.0.0.1', '[]', '2019-02-10 23:42:50', '2019-02-10 23:42:50'),
(150, 1, 'admin/gejala', 'GET', '127.0.0.1', '[]', '2019-02-10 23:45:26', '2019-02-10 23:45:26'),
(151, 1, 'admin/gejala', 'GET', '127.0.0.1', '{\"page\":\"2\",\"_pjax\":\"#pjax-container\"}', '2019-02-10 23:45:36', '2019-02-10 23:45:36'),
(152, 1, 'admin/gejala', 'GET', '127.0.0.1', '{\"page\":\"2\"}', '2019-02-10 23:45:55', '2019-02-10 23:45:55'),
(153, 1, 'admin/gejala', 'GET', '127.0.0.1', '{\"_pjax\":\"#pjax-container\"}', '2019-02-10 23:45:58', '2019-02-10 23:45:58'),
(154, 1, 'admin/diagnosa', 'GET', '127.0.0.1', '{\"_pjax\":\"#pjax-container\"}', '2019-02-10 23:46:48', '2019-02-10 23:46:48'),
(155, 1, 'admin/gejala', 'GET', '127.0.0.1', '{\"_pjax\":\"#pjax-container\"}', '2019-02-10 23:46:49', '2019-02-10 23:46:49'),
(156, 1, 'admin/diagnosa', 'GET', '127.0.0.1', '{\"_pjax\":\"#pjax-container\"}', '2019-02-10 23:46:50', '2019-02-10 23:46:50'),
(157, 1, 'admin/gejala', 'GET', '127.0.0.1', '{\"_pjax\":\"#pjax-container\"}', '2019-02-10 23:46:51', '2019-02-10 23:46:51'),
(158, 1, 'admin/gejala', 'GET', '127.0.0.1', '[]', '2019-02-10 23:48:10', '2019-02-10 23:48:10'),
(159, 1, 'admin/diagnosa', 'GET', '127.0.0.1', '{\"_pjax\":\"#pjax-container\"}', '2019-02-10 23:48:19', '2019-02-10 23:48:19'),
(160, 1, 'admin/diagnosa', 'GET', '127.0.0.1', '[]', '2019-02-10 23:48:32', '2019-02-10 23:48:32'),
(161, 1, 'admin/diagnosa', 'GET', '127.0.0.1', '[]', '2019-02-10 23:49:26', '2019-02-10 23:49:26'),
(162, 1, 'admin/diagnosa/create', 'GET', '127.0.0.1', '{\"_pjax\":\"#pjax-container\"}', '2019-02-10 23:49:44', '2019-02-10 23:49:44'),
(163, 1, 'admin/diagnosa', 'GET', '127.0.0.1', '{\"_pjax\":\"#pjax-container\"}', '2019-02-10 23:49:47', '2019-02-10 23:49:47'),
(164, 1, 'admin/gejala', 'GET', '127.0.0.1', '{\"_pjax\":\"#pjax-container\"}', '2019-02-10 23:49:48', '2019-02-10 23:49:48'),
(165, 1, 'admin/gejala/create', 'GET', '127.0.0.1', '{\"_pjax\":\"#pjax-container\"}', '2019-02-10 23:49:51', '2019-02-10 23:49:51'),
(166, 1, 'admin/gejala/create', 'GET', '127.0.0.1', '{\"_pjax\":\"#pjax-container\"}', '2019-02-10 23:49:51', '2019-02-10 23:49:51'),
(167, 1, 'admin/gejala/create', 'GET', '127.0.0.1', '[]', '2019-02-11 04:50:53', '2019-02-11 04:50:53'),
(168, 1, 'admin/gejala/create', 'GET', '127.0.0.1', '[]', '2019-02-11 04:51:34', '2019-02-11 04:51:34'),
(169, 1, 'admin/auth/login', 'GET', '127.0.0.1', '[]', '2019-02-11 04:55:02', '2019-02-11 04:55:02'),
(170, 1, 'admin/gejala', 'GET', '127.0.0.1', '{\"_pjax\":\"#pjax-container\"}', '2019-02-11 04:55:04', '2019-02-11 04:55:04'),
(171, 1, 'admin/gejala/create', 'GET', '127.0.0.1', '{\"_pjax\":\"#pjax-container\"}', '2019-02-11 04:55:06', '2019-02-11 04:55:06'),
(172, 1, 'admin/gejala', 'GET', '127.0.0.1', '{\"_pjax\":\"#pjax-container\"}', '2019-02-11 04:55:08', '2019-02-11 04:55:08'),
(173, 1, 'admin/gejala/1/edit', 'GET', '127.0.0.1', '{\"_pjax\":\"#pjax-container\"}', '2019-02-11 04:55:10', '2019-02-11 04:55:10'),
(174, 1, 'admin/gejala', 'GET', '127.0.0.1', '{\"_pjax\":\"#pjax-container\"}', '2019-02-11 04:55:15', '2019-02-11 04:55:15'),
(175, 1, 'admin/diagnosa', 'GET', '127.0.0.1', '{\"_pjax\":\"#pjax-container\"}', '2019-02-11 04:58:30', '2019-02-11 04:58:30'),
(176, 1, 'admin/gejala', 'GET', '127.0.0.1', '{\"_pjax\":\"#pjax-container\"}', '2019-02-11 04:58:30', '2019-02-11 04:58:30'),
(177, 1, 'admin', 'GET', '127.0.0.1', '{\"_pjax\":\"#pjax-container\"}', '2019-02-11 04:58:32', '2019-02-11 04:58:32'),
(178, 1, 'admin', 'GET', '127.0.0.1', '{\"_pjax\":\"#pjax-container\"}', '2019-02-11 05:01:21', '2019-02-11 05:01:21'),
(179, 1, 'admin/auth/logout', 'GET', '127.0.0.1', '{\"_pjax\":\"#pjax-container\"}', '2019-02-11 05:01:29', '2019-02-11 05:01:29'),
(180, 1, 'admin', 'GET', '127.0.0.1', '[]', '2019-02-11 05:02:11', '2019-02-11 05:02:11'),
(181, 1, 'admin', 'GET', '127.0.0.1', '[]', '2019-02-11 05:04:20', '2019-02-11 05:04:20'),
(182, 1, 'admin', 'GET', '127.0.0.1', '[]', '2019-02-11 05:06:58', '2019-02-11 05:06:58'),
(183, 1, 'admin', 'GET', '127.0.0.1', '[]', '2019-02-11 05:07:18', '2019-02-11 05:07:18'),
(184, 1, 'admin', 'GET', '127.0.0.1', '[]', '2019-02-11 05:08:29', '2019-02-11 05:08:29'),
(185, 1, 'admin', 'GET', '127.0.0.1', '[]', '2019-02-11 05:08:54', '2019-02-11 05:08:54'),
(186, 1, 'admin', 'GET', '127.0.0.1', '[]', '2019-02-11 05:09:11', '2019-02-11 05:09:11'),
(187, 1, 'admin/diagnosa', 'GET', '127.0.0.1', '{\"_pjax\":\"#pjax-container\"}', '2019-02-11 05:09:26', '2019-02-11 05:09:26'),
(188, 1, 'admin/gejala', 'GET', '127.0.0.1', '{\"_pjax\":\"#pjax-container\"}', '2019-02-11 05:09:28', '2019-02-11 05:09:28'),
(189, 1, 'admin/diagnosa', 'GET', '127.0.0.1', '{\"_pjax\":\"#pjax-container\"}', '2019-02-11 05:09:32', '2019-02-11 05:09:32'),
(190, 1, 'admin/gejala', 'GET', '127.0.0.1', '{\"_pjax\":\"#pjax-container\"}', '2019-02-11 05:09:33', '2019-02-11 05:09:33'),
(191, 1, 'admin/gejala', 'GET', '127.0.0.1', '{\"_pjax\":\"#pjax-container\"}', '2019-02-11 05:09:35', '2019-02-11 05:09:35'),
(192, 1, 'admin/diagnosa', 'GET', '127.0.0.1', '{\"_pjax\":\"#pjax-container\"}', '2019-02-11 05:09:35', '2019-02-11 05:09:35'),
(193, 1, 'admin/diagnosa', 'GET', '127.0.0.1', '[]', '2019-02-11 05:10:29', '2019-02-11 05:10:29'),
(194, 1, 'admin/auth/users', 'GET', '127.0.0.1', '{\"_pjax\":\"#pjax-container\"}', '2019-02-11 05:10:43', '2019-02-11 05:10:43'),
(195, 1, 'admin/auth/users/create', 'GET', '127.0.0.1', '{\"_pjax\":\"#pjax-container\"}', '2019-02-11 05:10:45', '2019-02-11 05:10:45'),
(196, 1, 'admin/auth/users/create', 'GET', '127.0.0.1', '[]', '2019-02-11 05:10:57', '2019-02-11 05:10:57'),
(197, 1, 'admin/auth/users/create', 'GET', '127.0.0.1', '[]', '2019-02-11 05:12:52', '2019-02-11 05:12:52'),
(198, 1, 'admin/auth/users/create', 'GET', '127.0.0.1', '[]', '2019-02-11 05:12:54', '2019-02-11 05:12:54'),
(199, 1, 'admin/auth/users/create', 'GET', '127.0.0.1', '[]', '2019-02-11 05:12:55', '2019-02-11 05:12:55'),
(200, 1, 'admin/gejala', 'GET', '127.0.0.1', '{\"_pjax\":\"#pjax-container\"}', '2019-02-11 05:13:06', '2019-02-11 05:13:06'),
(201, 1, 'admin/auth/users', 'GET', '127.0.0.1', '{\"_pjax\":\"#pjax-container\"}', '2019-02-11 05:13:16', '2019-02-11 05:13:16'),
(202, 1, 'admin/auth/roles', 'GET', '127.0.0.1', '{\"_pjax\":\"#pjax-container\"}', '2019-02-11 05:13:17', '2019-02-11 05:13:17'),
(203, 1, 'admin/auth/permissions', 'GET', '127.0.0.1', '{\"_pjax\":\"#pjax-container\"}', '2019-02-11 05:13:18', '2019-02-11 05:13:18'),
(204, 1, 'admin/auth/menu', 'GET', '127.0.0.1', '{\"_pjax\":\"#pjax-container\"}', '2019-02-11 05:13:28', '2019-02-11 05:13:28'),
(205, 1, 'admin', 'GET', '127.0.0.1', '{\"_pjax\":\"#pjax-container\"}', '2019-02-11 05:13:37', '2019-02-11 05:13:37'),
(206, 1, 'admin/gejala', 'GET', '127.0.0.1', '{\"_pjax\":\"#pjax-container\"}', '2019-02-11 05:13:38', '2019-02-11 05:13:38'),
(207, 1, 'admin/diagnosa', 'GET', '127.0.0.1', '{\"_pjax\":\"#pjax-container\"}', '2019-02-11 05:16:45', '2019-02-11 05:16:45'),
(208, 1, 'admin/auth/users', 'GET', '127.0.0.1', '{\"_pjax\":\"#pjax-container\"}', '2019-02-11 05:17:17', '2019-02-11 05:17:17'),
(209, 1, 'admin/gejala', 'GET', '127.0.0.1', '{\"_pjax\":\"#pjax-container\"}', '2019-02-11 05:17:18', '2019-02-11 05:17:18'),
(210, 1, 'admin/diagnosa', 'GET', '127.0.0.1', '{\"_pjax\":\"#pjax-container\"}', '2019-02-11 05:17:19', '2019-02-11 05:17:19'),
(211, 1, 'admin/diagnosa/1/edit', 'GET', '127.0.0.1', '{\"_pjax\":\"#pjax-container\"}', '2019-02-11 05:17:22', '2019-02-11 05:17:22'),
(212, 1, 'admin/diagnosa', 'GET', '127.0.0.1', '{\"_pjax\":\"#pjax-container\"}', '2019-02-11 05:17:24', '2019-02-11 05:17:24'),
(213, 1, 'admin/diagnosa', 'GET', '127.0.0.1', '[]', '2019-02-11 05:18:31', '2019-02-11 05:18:31'),
(214, 1, 'admin/gejala', 'GET', '127.0.0.1', '{\"_pjax\":\"#pjax-container\"}', '2019-02-11 05:19:15', '2019-02-11 05:19:15'),
(215, 1, 'admin/gejala', 'GET', '127.0.0.1', '[]', '2019-02-11 05:22:06', '2019-02-11 05:22:06'),
(216, 1, 'admin/gejala', 'GET', '127.0.0.1', '[]', '2019-02-11 05:22:42', '2019-02-11 05:22:42'),
(217, 1, 'admin/gejala', 'GET', '127.0.0.1', '[]', '2019-02-11 05:23:05', '2019-02-11 05:23:05'),
(218, 1, 'admin/gejala', 'GET', '127.0.0.1', '[]', '2019-02-11 05:24:26', '2019-02-11 05:24:26'),
(219, 1, 'admin/gejala', 'GET', '127.0.0.1', '[]', '2019-02-11 05:25:04', '2019-02-11 05:25:04'),
(220, 1, 'admin/gejala', 'GET', '127.0.0.1', '[]', '2019-02-11 05:29:07', '2019-02-11 05:29:07'),
(221, 1, 'admin/gejala', 'GET', '127.0.0.1', '[]', '2019-02-11 05:29:23', '2019-02-11 05:29:23'),
(222, 1, 'admin/gejala', 'GET', '127.0.0.1', '[]', '2019-02-11 05:30:44', '2019-02-11 05:30:44'),
(223, 1, 'admin/gejala', 'GET', '127.0.0.1', '[]', '2019-02-11 05:30:58', '2019-02-11 05:30:58'),
(224, 1, 'admin/gejala', 'GET', '127.0.0.1', '[]', '2019-02-11 05:31:06', '2019-02-11 05:31:06'),
(225, 1, 'admin/gejala', 'GET', '127.0.0.1', '[]', '2019-02-11 05:31:15', '2019-02-11 05:31:15'),
(226, 1, 'admin/gejala', 'GET', '127.0.0.1', '[]', '2019-02-11 05:31:25', '2019-02-11 05:31:25'),
(227, 1, 'admin/gejala', 'GET', '127.0.0.1', '[]', '2019-02-11 05:31:44', '2019-02-11 05:31:44'),
(228, 1, 'admin/gejala', 'GET', '127.0.0.1', '[]', '2019-02-11 05:31:48', '2019-02-11 05:31:48'),
(229, 1, 'admin/gejala', 'GET', '127.0.0.1', '[]', '2019-02-11 05:31:56', '2019-02-11 05:31:56'),
(230, 1, 'admin/gejala', 'GET', '127.0.0.1', '[]', '2019-02-11 05:32:00', '2019-02-11 05:32:00'),
(231, 1, 'admin/gejala', 'GET', '127.0.0.1', '[]', '2019-02-11 05:32:15', '2019-02-11 05:32:15'),
(232, 1, 'admin/gejala', 'GET', '127.0.0.1', '[]', '2019-02-11 05:32:21', '2019-02-11 05:32:21'),
(233, 1, 'admin/gejala', 'GET', '127.0.0.1', '[]', '2019-02-11 05:32:26', '2019-02-11 05:32:26'),
(234, 1, 'admin/gejala', 'GET', '127.0.0.1', '[]', '2019-02-11 05:33:08', '2019-02-11 05:33:08'),
(235, 1, 'admin/gejala', 'GET', '127.0.0.1', '[]', '2019-02-11 05:33:17', '2019-02-11 05:33:17'),
(236, 1, 'admin/gejala', 'GET', '127.0.0.1', '[]', '2019-02-11 05:33:22', '2019-02-11 05:33:22'),
(237, 1, 'admin/gejala', 'GET', '127.0.0.1', '[]', '2019-02-11 05:33:41', '2019-02-11 05:33:41'),
(238, 1, 'admin/gejala', 'GET', '127.0.0.1', '[]', '2019-02-11 05:33:55', '2019-02-11 05:33:55'),
(239, 1, 'admin/gejala', 'GET', '127.0.0.1', '[]', '2019-02-11 05:34:00', '2019-02-11 05:34:00'),
(240, 1, 'admin/gejala', 'GET', '127.0.0.1', '[]', '2019-02-11 05:34:07', '2019-02-11 05:34:07'),
(241, 1, 'admin/gejala', 'GET', '127.0.0.1', '[]', '2019-02-11 05:34:12', '2019-02-11 05:34:12'),
(242, 1, 'admin/gejala', 'GET', '127.0.0.1', '[]', '2019-02-11 05:34:16', '2019-02-11 05:34:16'),
(243, 1, 'admin/gejala', 'GET', '127.0.0.1', '[]', '2019-02-11 05:34:22', '2019-02-11 05:34:22'),
(244, 1, 'admin/gejala', 'GET', '127.0.0.1', '[]', '2019-02-11 05:34:33', '2019-02-11 05:34:33'),
(245, 1, 'admin/gejala', 'GET', '127.0.0.1', '[]', '2019-02-11 05:34:56', '2019-02-11 05:34:56'),
(246, 1, 'admin/gejala', 'GET', '127.0.0.1', '[]', '2019-02-11 05:35:02', '2019-02-11 05:35:02'),
(247, 1, 'admin/gejala', 'GET', '127.0.0.1', '[]', '2019-02-11 05:35:07', '2019-02-11 05:35:07'),
(248, 1, 'admin/gejala', 'GET', '127.0.0.1', '[]', '2019-02-11 05:38:03', '2019-02-11 05:38:03'),
(249, 1, 'admin/gejala', 'GET', '127.0.0.1', '[]', '2019-02-11 05:39:03', '2019-02-11 05:39:03'),
(250, 1, 'admin/gejala', 'GET', '127.0.0.1', '[]', '2019-02-11 05:39:32', '2019-02-11 05:39:32'),
(251, 1, 'admin/gejala', 'GET', '127.0.0.1', '[]', '2019-02-11 05:40:05', '2019-02-11 05:40:05'),
(252, 1, 'admin/gejala', 'GET', '127.0.0.1', '[]', '2019-02-11 05:40:27', '2019-02-11 05:40:27'),
(253, 1, 'admin/gejala', 'GET', '127.0.0.1', '{\"_pjax\":\"#pjax-container\"}', '2019-02-11 05:41:35', '2019-02-11 05:41:35'),
(254, 1, 'admin/diagnosa', 'GET', '127.0.0.1', '{\"_pjax\":\"#pjax-container\"}', '2019-02-11 05:41:35', '2019-02-11 05:41:35'),
(255, 1, 'admin/diagnosa/1/edit', 'GET', '127.0.0.1', '{\"_pjax\":\"#pjax-container\"}', '2019-02-11 05:41:38', '2019-02-11 05:41:38'),
(256, 1, 'admin/diagnosa', 'GET', '127.0.0.1', '{\"_pjax\":\"#pjax-container\"}', '2019-02-11 05:41:42', '2019-02-11 05:41:42'),
(257, 1, 'admin/auth/roles', 'GET', '127.0.0.1', '{\"_pjax\":\"#pjax-container\"}', '2019-02-11 05:41:48', '2019-02-11 05:41:48'),
(258, 1, 'admin/auth/users', 'GET', '127.0.0.1', '{\"_pjax\":\"#pjax-container\"}', '2019-02-11 05:41:49', '2019-02-11 05:41:49'),
(259, 1, 'admin', 'GET', '127.0.0.1', '{\"_pjax\":\"#pjax-container\"}', '2019-02-11 05:41:50', '2019-02-11 05:41:50'),
(260, 1, 'admin', 'GET', '127.0.0.1', '[]', '2019-02-11 05:41:58', '2019-02-11 05:41:58'),
(261, 1, 'admin', 'GET', '127.0.0.1', '[]', '2019-02-11 06:10:16', '2019-02-11 06:10:16'),
(262, 1, 'admin', 'GET', '127.0.0.1', '[]', '2019-02-11 06:10:29', '2019-02-11 06:10:29'),
(263, 1, 'admin', 'GET', '127.0.0.1', '[]', '2019-02-11 06:11:42', '2019-02-11 06:11:42'),
(264, 1, 'admin/diagnosa', 'GET', '127.0.0.1', '{\"_pjax\":\"#pjax-container\"}', '2019-02-11 06:11:44', '2019-02-11 06:11:44'),
(265, 1, 'admin/gejala', 'GET', '127.0.0.1', '{\"_pjax\":\"#pjax-container\"}', '2019-02-11 06:11:47', '2019-02-11 06:11:47'),
(266, 1, 'admin/gejala', 'GET', '127.0.0.1', '{\"_pjax\":\"#pjax-container\"}', '2019-02-11 06:11:49', '2019-02-11 06:11:49'),
(267, 1, 'admin/diagnosa', 'GET', '127.0.0.1', '[]', '2019-02-11 15:58:57', '2019-02-11 15:58:57'),
(268, 1, 'admin/diagnosa', 'GET', '127.0.0.1', '[]', '2019-02-11 15:59:57', '2019-02-11 15:59:57'),
(269, 1, 'admin/diagnosa', 'GET', '127.0.0.1', '[]', '2019-02-11 15:59:58', '2019-02-11 15:59:58'),
(270, 1, 'admin/diagnosa', 'GET', '127.0.0.1', '[]', '2019-02-11 16:00:00', '2019-02-11 16:00:00'),
(271, 1, 'admin/diagnosa', 'GET', '127.0.0.1', '[]', '2019-02-11 16:00:05', '2019-02-11 16:00:05'),
(272, 1, 'admin/diagnosa', 'GET', '127.0.0.1', '[]', '2019-02-11 16:29:38', '2019-02-11 16:29:38'),
(273, 1, 'admin/gejala', 'GET', '127.0.0.1', '{\"_pjax\":\"#pjax-container\"}', '2019-02-11 16:29:42', '2019-02-11 16:29:42'),
(274, 1, 'admin', 'GET', '127.0.0.1', '[]', '2019-02-11 16:38:04', '2019-02-11 16:38:04'),
(275, 1, 'admin', 'GET', '127.0.0.1', '[]', '2019-02-11 18:37:53', '2019-02-11 18:37:53'),
(276, 1, 'admin', 'GET', '127.0.0.1', '[]', '2019-02-11 19:38:11', '2019-02-11 19:38:11'),
(277, 1, 'admin/gejala', 'GET', '127.0.0.1', '{\"_pjax\":\"#pjax-container\"}', '2019-02-11 19:38:13', '2019-02-11 19:38:13'),
(278, 1, 'admin', 'GET', '127.0.0.1', '[]', '2019-02-13 06:14:11', '2019-02-13 06:14:11'),
(279, 1, 'admin/gejala', 'GET', '127.0.0.1', '{\"_pjax\":\"#pjax-container\"}', '2019-02-13 06:14:16', '2019-02-13 06:14:16'),
(280, 1, 'admin/diagnosa', 'GET', '127.0.0.1', '{\"_pjax\":\"#pjax-container\"}', '2019-02-13 06:14:19', '2019-02-13 06:14:19'),
(281, 1, 'admin', 'GET', '127.0.0.1', '[]', '2019-02-13 06:14:24', '2019-02-13 06:14:24'),
(282, 1, 'admin/diagnosa', 'GET', '127.0.0.1', '[]', '2019-02-13 06:17:55', '2019-02-13 06:17:55'),
(283, 1, 'admin/diagnosa', 'GET', '127.0.0.1', '[]', '2019-02-13 06:18:37', '2019-02-13 06:18:37'),
(284, 1, 'admin/diagnosa/1', 'GET', '127.0.0.1', '{\"_pjax\":\"#pjax-container\"}', '2019-02-13 06:19:10', '2019-02-13 06:19:10'),
(285, 1, 'admin/diagnosa', 'GET', '127.0.0.1', '{\"_pjax\":\"#pjax-container\"}', '2019-02-13 06:19:13', '2019-02-13 06:19:13'),
(286, 1, 'admin/diagnosa', 'GET', '127.0.0.1', '[]', '2019-02-13 06:19:56', '2019-02-13 06:19:56'),
(287, 1, 'admin/diagnosa', 'GET', '127.0.0.1', '[]', '2019-02-13 06:22:22', '2019-02-13 06:22:22'),
(288, 1, 'admin/diagnosa/1', 'GET', '127.0.0.1', '{\"_pjax\":\"#pjax-container\"}', '2019-02-13 06:22:24', '2019-02-13 06:22:24'),
(289, 1, 'admin/diagnosa', 'GET', '127.0.0.1', '{\"_pjax\":\"#pjax-container\"}', '2019-02-13 06:22:27', '2019-02-13 06:22:27'),
(290, 1, 'admin/diagnosa/1/edit', 'GET', '127.0.0.1', '{\"_pjax\":\"#pjax-container\"}', '2019-02-13 06:22:29', '2019-02-13 06:22:29'),
(291, 1, 'admin/diagnosa', 'GET', '127.0.0.1', '{\"_pjax\":\"#pjax-container\"}', '2019-02-13 06:22:32', '2019-02-13 06:22:32'),
(292, 1, 'admin/diagnosa/create', 'GET', '127.0.0.1', '{\"_pjax\":\"#pjax-container\"}', '2019-02-13 06:22:36', '2019-02-13 06:22:36'),
(293, 1, 'admin/diagnosa', 'GET', '127.0.0.1', '{\"_pjax\":\"#pjax-container\"}', '2019-02-13 06:22:39', '2019-02-13 06:22:39'),
(294, 1, 'admin/diagnosa/create', 'GET', '127.0.0.1', '{\"_pjax\":\"#pjax-container\"}', '2019-02-13 06:22:49', '2019-02-13 06:22:49'),
(295, 1, 'admin/diagnosa', 'POST', '127.0.0.1', '{\"diagnosa\":\"Mekere Die\",\"range_start\":\"64\",\"range_end\":\"80\",\"_token\":\"a3OotaIREkK5iTPEVZSaFQl4VtAgcLfyjgdiaotm\",\"_previous_\":\"http:\\/\\/localhost:8000\\/admin\\/diagnosa\"}', '2019-02-13 06:23:11', '2019-02-13 06:23:11'),
(296, 1, 'admin/diagnosa/create', 'GET', '127.0.0.1', '[]', '2019-02-13 06:23:12', '2019-02-13 06:23:12'),
(297, 1, 'admin/diagnosa/create', 'GET', '127.0.0.1', '[]', '2019-02-13 06:25:14', '2019-02-13 06:25:14'),
(298, 1, 'admin/diagnosa', 'POST', '127.0.0.1', '{\"diagnosa\":\"Mekere Die\",\"range_start\":\"64\",\"range_end\":\"80\",\"_token\":\"a3OotaIREkK5iTPEVZSaFQl4VtAgcLfyjgdiaotm\"}', '2019-02-13 06:25:23', '2019-02-13 06:25:23'),
(299, 1, 'admin/diagnosa', 'GET', '127.0.0.1', '[]', '2019-02-13 06:25:24', '2019-02-13 06:25:24'),
(300, 1, 'admin/diagnosa/5', 'DELETE', '127.0.0.1', '{\"_method\":\"delete\",\"_token\":\"a3OotaIREkK5iTPEVZSaFQl4VtAgcLfyjgdiaotm\"}', '2019-02-13 06:25:28', '2019-02-13 06:25:28'),
(301, 1, 'admin/diagnosa', 'GET', '127.0.0.1', '{\"_pjax\":\"#pjax-container\"}', '2019-02-13 06:25:28', '2019-02-13 06:25:28'),
(302, 1, 'admin', 'GET', '127.0.0.1', '[]', '2019-02-13 22:46:25', '2019-02-13 22:46:25'),
(303, 1, 'admin/gejala', 'GET', '127.0.0.1', '{\"_pjax\":\"#pjax-container\"}', '2019-02-13 22:46:28', '2019-02-13 22:46:28'),
(304, 1, 'admin/gejala', 'GET', '127.0.0.1', '{\"_pjax\":\"#pjax-container\",\"id\":\"1\"}', '2019-02-13 22:47:34', '2019-02-13 22:47:34'),
(305, 1, 'admin/gejala', 'GET', '127.0.0.1', '{\"_pjax\":\"#pjax-container\",\"id\":\"2\"}', '2019-02-13 22:47:37', '2019-02-13 22:47:37'),
(306, 1, 'admin/gejala', 'GET', '127.0.0.1', '{\"id\":\"2\"}', '2019-02-13 22:50:11', '2019-02-13 22:50:11'),
(307, 1, 'admin/gejala', 'GET', '127.0.0.1', '{\"id\":\"2\"}', '2019-02-13 22:50:38', '2019-02-13 22:50:38'),
(308, 1, 'admin/gejala', 'GET', '127.0.0.1', '{\"id\":\"2\",\"gejala\":\"sedih\",\"_pjax\":\"#pjax-container\"}', '2019-02-13 22:50:46', '2019-02-13 22:50:46'),
(309, 1, 'admin/gejala', 'GET', '127.0.0.1', '{\"id\":\"2\",\"gejala\":\"sedih\"}', '2019-02-13 22:51:06', '2019-02-13 22:51:06'),
(310, 1, 'admin/gejala', 'GET', '127.0.0.1', '{\"id\":\"2\",\"gejala\":\"sedih\"}', '2019-02-13 22:51:15', '2019-02-13 22:51:15'),
(311, 1, 'admin/gejala', 'GET', '127.0.0.1', '{\"id\":\"2\",\"gejala\":\"sedih\"}', '2019-02-13 22:52:33', '2019-02-13 22:52:33'),
(312, 1, 'admin/gejala', 'GET', '127.0.0.1', '{\"id\":\"2\",\"gejala\":\"sedih\"}', '2019-02-13 22:52:41', '2019-02-13 22:52:41'),
(313, 1, 'admin/gejala', 'GET', '127.0.0.1', '{\"id\":\"2\",\"gejala\":\"sedih\"}', '2019-02-13 22:52:43', '2019-02-13 22:52:43'),
(314, 1, 'admin/gejala', 'GET', '127.0.0.1', '{\"id\":\"2\",\"gejala\":\"sedih\"}', '2019-02-13 22:52:46', '2019-02-13 22:52:46'),
(315, 1, 'admin/gejala', 'GET', '127.0.0.1', '{\"id\":\"2\",\"gejala\":\"sedih\"}', '2019-02-13 22:52:47', '2019-02-13 22:52:47'),
(316, 1, 'admin/gejala', 'GET', '127.0.0.1', '{\"id\":\"2\",\"_pjax\":\"#pjax-container\"}', '2019-02-13 22:52:51', '2019-02-13 22:52:51'),
(317, 1, 'admin/gejala', 'GET', '127.0.0.1', '{\"id\":\"2\"}', '2019-02-13 22:52:54', '2019-02-13 22:52:54'),
(318, 1, 'admin/gejala/create', 'GET', '127.0.0.1', '{\"_pjax\":\"#pjax-container\"}', '2019-02-13 22:54:32', '2019-02-13 22:54:32'),
(319, 1, 'admin/gejala', 'GET', '127.0.0.1', '{\"id\":\"2\",\"_pjax\":\"#pjax-container\"}', '2019-02-13 22:54:37', '2019-02-13 22:54:37'),
(320, 1, 'admin/gejala', 'GET', '127.0.0.1', '{\"id\":\"2\",\"_pjax\":\"#pjax-container\",\"page\":\"5\"}', '2019-02-13 22:56:28', '2019-02-13 22:56:28'),
(321, 1, 'admin/gejala', 'GET', '127.0.0.1', '{\"id\":\"2\",\"_pjax\":\"#pjax-container\",\"page\":\"1\"}', '2019-02-13 22:56:31', '2019-02-13 22:56:31'),
(322, 1, 'admin/gejala', 'GET', '127.0.0.1', '{\"_pjax\":\"#pjax-container\"}', '2019-02-13 22:56:42', '2019-02-13 22:56:42'),
(323, 1, 'admin/diagnosa', 'GET', '127.0.0.1', '{\"_pjax\":\"#pjax-container\"}', '2019-02-13 22:56:43', '2019-02-13 22:56:43'),
(324, 1, 'admin', 'GET', '127.0.0.1', '{\"_pjax\":\"#pjax-container\"}', '2019-02-13 22:59:13', '2019-02-13 22:59:13'),
(325, 1, 'admin/auth/users', 'GET', '127.0.0.1', '{\"_pjax\":\"#pjax-container\"}', '2019-02-13 22:59:17', '2019-02-13 22:59:17'),
(326, 1, 'admin/auth/roles', 'GET', '127.0.0.1', '{\"_pjax\":\"#pjax-container\"}', '2019-02-13 22:59:18', '2019-02-13 22:59:18'),
(327, 1, 'admin/auth/permissions', 'GET', '127.0.0.1', '{\"_pjax\":\"#pjax-container\"}', '2019-02-13 22:59:19', '2019-02-13 22:59:19'),
(328, 1, 'admin/auth/menu', 'GET', '127.0.0.1', '{\"_pjax\":\"#pjax-container\"}', '2019-02-13 22:59:20', '2019-02-13 22:59:20'),
(329, 1, 'admin/gejala', 'GET', '127.0.0.1', '{\"_pjax\":\"#pjax-container\"}', '2019-02-13 22:59:22', '2019-02-13 22:59:22'),
(330, 1, 'admin/diagnosa', 'GET', '127.0.0.1', '{\"_pjax\":\"#pjax-container\"}', '2019-02-13 22:59:23', '2019-02-13 22:59:23'),
(331, 1, 'admin/auth/users', 'GET', '127.0.0.1', '{\"_pjax\":\"#pjax-container\"}', '2019-02-13 23:00:54', '2019-02-13 23:00:54'),
(332, 1, 'admin/auth/users/create', 'GET', '127.0.0.1', '{\"_pjax\":\"#pjax-container\"}', '2019-02-13 23:01:00', '2019-02-13 23:01:00'),
(333, 1, 'admin', 'GET', '127.0.0.1', '{\"_pjax\":\"#pjax-container\"}', '2019-02-13 23:01:06', '2019-02-13 23:01:06'),
(334, 1, 'admin/auth/users', 'GET', '127.0.0.1', '{\"_pjax\":\"#pjax-container\"}', '2019-02-13 23:01:08', '2019-02-13 23:01:08'),
(335, 1, 'admin/auth/users/1/edit', 'GET', '127.0.0.1', '{\"_pjax\":\"#pjax-container\"}', '2019-02-13 23:01:10', '2019-02-13 23:01:10'),
(336, 1, 'admin/auth/users/1', 'PUT', '127.0.0.1', '{\"key\":null,\"avatar\":\"_file_del_\",\"_file_del_\":null,\"_token\":\"OIMlnYquaZfoNdkX0DevEChrrEutB5vhKI50SRLl\",\"_method\":\"PUT\"}', '2019-02-13 23:12:59', '2019-02-13 23:12:59'),
(337, 1, 'admin/auth/users/1', 'PUT', '127.0.0.1', '{\"username\":\"admin\",\"name\":\"Administrator\",\"password\":\"$2y$10$sj57cf3quPu3hrjyq\\/7PhOBHWvgrq7.ZWHmjzXLOycblD0YPrTm0.\",\"password_confirmation\":\"$2y$10$sj57cf3quPu3hrjyq\\/7PhOBHWvgrq7.ZWHmjzXLOycblD0YPrTm0.\",\"roles\":[\"1\",null],\"permissions\":[null],\"_token\":\"OIMlnYquaZfoNdkX0DevEChrrEutB5vhKI50SRLl\",\"_method\":\"PUT\",\"_previous_\":\"http:\\/\\/localhost:8001\\/admin\\/auth\\/users\"}', '2019-02-13 23:15:19', '2019-02-13 23:15:19'),
(338, 1, 'admin/auth/users', 'GET', '127.0.0.1', '[]', '2019-02-13 23:15:19', '2019-02-13 23:15:19'),
(339, 1, 'admin/auth/users', 'GET', '127.0.0.1', '[]', '2019-02-13 23:15:24', '2019-02-13 23:15:24'),
(340, 1, 'admin/auth/users/1/edit', 'GET', '127.0.0.1', '{\"_pjax\":\"#pjax-container\"}', '2019-02-13 23:15:29', '2019-02-13 23:15:29'),
(341, 1, 'admin/auth/users/1', 'PUT', '127.0.0.1', '{\"username\":\"admin\",\"name\":\"Administrator\",\"password\":\"$2y$10$sj57cf3quPu3hrjyq\\/7PhOBHWvgrq7.ZWHmjzXLOycblD0YPrTm0.\",\"password_confirmation\":\"$2y$10$sj57cf3quPu3hrjyq\\/7PhOBHWvgrq7.ZWHmjzXLOycblD0YPrTm0.\",\"roles\":[\"1\",null],\"permissions\":[null],\"_token\":\"OIMlnYquaZfoNdkX0DevEChrrEutB5vhKI50SRLl\",\"_method\":\"PUT\",\"_previous_\":\"http:\\/\\/localhost:8001\\/admin\\/auth\\/users\"}', '2019-02-13 23:15:46', '2019-02-13 23:15:46'),
(342, 1, 'admin/auth/users', 'GET', '127.0.0.1', '[]', '2019-02-13 23:15:46', '2019-02-13 23:15:46'),
(343, 1, 'admin/auth/users', 'GET', '127.0.0.1', '[]', '2019-02-13 23:15:52', '2019-02-13 23:15:52'),
(344, 1, 'admin/auth/users/1/edit', 'GET', '127.0.0.1', '{\"_pjax\":\"#pjax-container\"}', '2019-02-13 23:16:03', '2019-02-13 23:16:03'),
(345, 1, 'admin/auth/users/1/edit', 'GET', '127.0.0.1', '[]', '2019-02-13 23:16:15', '2019-02-13 23:16:15'),
(346, 1, 'admin/auth/users/1', 'PUT', '127.0.0.1', '{\"username\":\"admin\",\"name\":\"Administrator\",\"password\":\"$2y$10$sj57cf3quPu3hrjyq\\/7PhOBHWvgrq7.ZWHmjzXLOycblD0YPrTm0.\",\"password_confirmation\":\"$2y$10$sj57cf3quPu3hrjyq\\/7PhOBHWvgrq7.ZWHmjzXLOycblD0YPrTm0.\",\"roles\":[\"1\",null],\"permissions\":[null],\"_token\":\"OIMlnYquaZfoNdkX0DevEChrrEutB5vhKI50SRLl\",\"_method\":\"PUT\"}', '2019-02-13 23:16:28', '2019-02-13 23:16:28'),
(347, 1, 'admin/auth/users', 'GET', '127.0.0.1', '[]', '2019-02-13 23:16:29', '2019-02-13 23:16:29'),
(348, 1, 'admin/auth/users', 'GET', '127.0.0.1', '[]', '2019-02-13 23:16:31', '2019-02-13 23:16:31'),
(349, 1, 'admin/auth/users', 'GET', '127.0.0.1', '[]', '2019-02-13 23:16:56', '2019-02-13 23:16:56'),
(350, 1, 'admin/auth/users', 'GET', '127.0.0.1', '[]', '2019-02-13 23:20:03', '2019-02-13 23:20:03'),
(351, 1, 'admin/auth/users/1/edit', 'GET', '127.0.0.1', '{\"_pjax\":\"#pjax-container\"}', '2019-02-13 23:20:05', '2019-02-13 23:20:05'),
(352, 1, 'admin/auth/users/1', 'PUT', '127.0.0.1', '{\"key\":null,\"avatar\":\"_file_del_\",\"_file_del_\":null,\"_token\":\"OIMlnYquaZfoNdkX0DevEChrrEutB5vhKI50SRLl\",\"_method\":\"PUT\"}', '2019-02-13 23:20:12', '2019-02-13 23:20:12'),
(353, 1, 'admin/auth/users/1', 'PUT', '127.0.0.1', '{\"username\":\"admin\",\"name\":\"Administrator\",\"password\":\"$2y$10$sj57cf3quPu3hrjyq\\/7PhOBHWvgrq7.ZWHmjzXLOycblD0YPrTm0.\",\"password_confirmation\":\"$2y$10$sj57cf3quPu3hrjyq\\/7PhOBHWvgrq7.ZWHmjzXLOycblD0YPrTm0.\",\"roles\":[\"1\",null],\"permissions\":[null],\"_token\":\"OIMlnYquaZfoNdkX0DevEChrrEutB5vhKI50SRLl\",\"_method\":\"PUT\",\"_previous_\":\"http:\\/\\/localhost:8001\\/admin\\/auth\\/users\"}', '2019-02-13 23:20:23', '2019-02-13 23:20:23'),
(354, 1, 'admin/auth/users', 'GET', '127.0.0.1', '[]', '2019-02-13 23:20:23', '2019-02-13 23:20:23'),
(355, 1, 'admin/auth/users', 'GET', '127.0.0.1', '[]', '2019-02-13 23:20:28', '2019-02-13 23:20:28'),
(356, 1, 'admin/auth/users/1', 'GET', '127.0.0.1', '{\"_pjax\":\"#pjax-container\"}', '2019-02-13 23:20:31', '2019-02-13 23:20:31'),
(357, 1, 'admin/auth/users', 'GET', '127.0.0.1', '{\"_pjax\":\"#pjax-container\"}', '2019-02-13 23:20:33', '2019-02-13 23:20:33'),
(358, 1, 'admin/auth/users/1/edit', 'GET', '127.0.0.1', '{\"_pjax\":\"#pjax-container\"}', '2019-02-13 23:20:35', '2019-02-13 23:20:35'),
(359, 1, 'admin/auth/users/1', 'DELETE', '127.0.0.1', '{\"_method\":\"delete\",\"_token\":\"OIMlnYquaZfoNdkX0DevEChrrEutB5vhKI50SRLl\"}', '2019-02-13 23:26:19', '2019-02-13 23:26:19'),
(360, 2, 'admin/auth/users', 'GET', '127.0.0.1', '[]', '2019-02-13 23:29:48', '2019-02-13 23:29:48'),
(361, 1, 'admin/auth/users', 'GET', '127.0.0.1', '[]', '2019-02-13 23:30:51', '2019-02-13 23:30:51'),
(362, 1, 'admin/auth/users', 'GET', '127.0.0.1', '[]', '2019-02-13 23:31:06', '2019-02-13 23:31:06'),
(363, 1, 'admin/auth/logout', 'GET', '127.0.0.1', '{\"_pjax\":\"#pjax-container\"}', '2019-02-13 23:31:09', '2019-02-13 23:31:09'),
(364, 1, 'admin/auth/logout', 'GET', '127.0.0.1', '{\"_pjax\":\"#pjax-container\"}', '2019-02-13 23:31:12', '2019-02-13 23:31:12'),
(365, 1, 'admin', 'GET', '127.0.0.1', '[]', '2019-02-13 23:31:40', '2019-02-13 23:31:40'),
(366, 1, 'admin', 'GET', '127.0.0.1', '{\"_pjax\":\"#pjax-container\"}', '2019-02-13 23:31:43', '2019-02-13 23:31:43'),
(367, 1, 'admin', 'GET', '127.0.0.1', '[]', '2019-02-13 23:32:53', '2019-02-13 23:32:53'),
(368, 1, 'admin/auth/logout', 'GET', '127.0.0.1', '{\"_pjax\":\"#pjax-container\"}', '2019-02-13 23:32:58', '2019-02-13 23:32:58'),
(369, 1, 'admin/auth/logout', 'GET', '127.0.0.1', '[]', '2019-02-13 23:33:22', '2019-02-13 23:33:22'),
(370, 1, 'admin', 'GET', '127.0.0.1', '[]', '2019-02-14 15:40:55', '2019-02-14 15:40:55'),
(371, 1, 'admin', 'GET', '127.0.0.1', '{\"_pjax\":\"#pjax-container\"}', '2019-02-14 15:40:59', '2019-02-14 15:40:59'),
(372, 1, 'admin', 'GET', '127.0.0.1', '{\"_pjax\":\"#pjax-container\"}', '2019-02-14 15:41:24', '2019-02-14 15:41:24'),
(373, 1, 'admin/auth/logout', 'GET', '127.0.0.1', '{\"_pjax\":\"#pjax-container\"}', '2019-02-14 15:41:29', '2019-02-14 15:41:29'),
(374, 1, 'admin/auth/logout', 'GET', '127.0.0.1', '[]', '2019-02-14 15:44:28', '2019-02-14 15:44:28'),
(375, 1, 'admin', 'GET', '127.0.0.1', '[]', '2019-02-14 15:44:30', '2019-02-14 15:44:30'),
(376, 1, 'admin/auth/logout', 'GET', '127.0.0.1', '{\"_pjax\":\"#pjax-container\"}', '2019-02-14 15:44:36', '2019-02-14 15:44:36'),
(377, 1, 'admin', 'GET', '127.0.0.1', '[]', '2019-02-14 15:44:38', '2019-02-14 15:44:38'),
(378, 1, 'admin/auth/users', 'GET', '127.0.0.1', '{\"_pjax\":\"#pjax-container\"}', '2019-02-14 15:44:50', '2019-02-14 15:44:50'),
(379, 1, 'admin/auth/users/1/edit', 'GET', '127.0.0.1', '{\"_pjax\":\"#pjax-container\"}', '2019-02-14 15:44:53', '2019-02-14 15:44:53'),
(380, 1, 'admin', 'GET', '127.0.0.1', '[]', '2019-06-17 05:02:33', '2019-06-17 05:02:33'),
(381, 1, 'admin/gejala', 'GET', '127.0.0.1', '{\"_pjax\":\"#pjax-container\"}', '2019-06-17 05:02:39', '2019-06-17 05:02:39'),
(382, 1, 'admin/diagnosa', 'GET', '127.0.0.1', '{\"_pjax\":\"#pjax-container\"}', '2019-06-17 05:02:41', '2019-06-17 05:02:41'),
(383, 1, 'admin/diagnosa', 'GET', '127.0.0.1', '{\"_pjax\":\"#pjax-container\"}', '2019-06-17 05:02:46', '2019-06-17 05:02:46'),
(384, 1, 'admin/gejala', 'GET', '127.0.0.1', '{\"_pjax\":\"#pjax-container\"}', '2019-06-17 05:02:47', '2019-06-17 05:02:47'),
(385, 1, 'admin/gejala', 'GET', '127.0.0.1', '{\"_pjax\":\"#pjax-container\"}', '2019-06-17 05:02:48', '2019-06-17 05:02:48'),
(386, 1, 'admin/diagnosa', 'GET', '127.0.0.1', '{\"_pjax\":\"#pjax-container\"}', '2019-06-17 05:02:49', '2019-06-17 05:02:49'),
(387, 1, 'admin/gejala', 'GET', '127.0.0.1', '{\"_pjax\":\"#pjax-container\"}', '2019-06-17 05:02:50', '2019-06-17 05:02:50'),
(388, 1, 'admin/auth/menu', 'GET', '127.0.0.1', '{\"_pjax\":\"#pjax-container\"}', '2019-06-17 05:02:54', '2019-06-17 05:02:54'),
(389, 1, 'admin/auth/menu', 'POST', '127.0.0.1', '{\"parent_id\":\"0\",\"title\":\"Master Data\",\"icon\":\"fa-database\",\"uri\":null,\"roles\":[\"1\",null],\"permission\":\"*\",\"_token\":\"hqTHfraeUrJmDMIFEwJH6lgTKx3ZfZcM6MnJjNGs\"}', '2019-06-17 05:03:18', '2019-06-17 05:03:18'),
(390, 1, 'admin/auth/menu', 'GET', '127.0.0.1', '[]', '2019-06-17 05:03:18', '2019-06-17 05:03:18'),
(391, 1, 'admin/auth/menu/8/edit', 'GET', '127.0.0.1', '{\"_pjax\":\"#pjax-container\"}', '2019-06-17 05:03:21', '2019-06-17 05:03:21'),
(392, 1, 'admin/auth/menu/8', 'PUT', '127.0.0.1', '{\"parent_id\":\"10\",\"title\":\"Gejala\",\"icon\":\"fa-bars\",\"uri\":\"\\/gejala\",\"roles\":[\"1\",null],\"permission\":\"*\",\"_token\":\"hqTHfraeUrJmDMIFEwJH6lgTKx3ZfZcM6MnJjNGs\",\"_method\":\"PUT\",\"_previous_\":\"http:\\/\\/localhost:1234\\/admin\\/auth\\/menu\"}', '2019-06-17 05:03:31', '2019-06-17 05:03:31'),
(393, 1, 'admin/auth/menu', 'GET', '127.0.0.1', '[]', '2019-06-17 05:03:31', '2019-06-17 05:03:31'),
(394, 1, 'admin/auth/menu/9/edit', 'GET', '127.0.0.1', '{\"_pjax\":\"#pjax-container\"}', '2019-06-17 05:03:35', '2019-06-17 05:03:35'),
(395, 1, 'admin/auth/menu/9', 'PUT', '127.0.0.1', '{\"parent_id\":\"10\",\"title\":\"Diagnosa\",\"icon\":\"fa-search\",\"uri\":\"diagnosa\",\"roles\":[\"1\",null],\"permission\":\"*\",\"_token\":\"hqTHfraeUrJmDMIFEwJH6lgTKx3ZfZcM6MnJjNGs\",\"_method\":\"PUT\",\"_previous_\":\"http:\\/\\/localhost:1234\\/admin\\/auth\\/menu\"}', '2019-06-17 05:03:45', '2019-06-17 05:03:45'),
(396, 1, 'admin/auth/menu', 'GET', '127.0.0.1', '[]', '2019-06-17 05:03:45', '2019-06-17 05:03:45'),
(397, 1, 'admin/auth/menu', 'GET', '127.0.0.1', '[]', '2019-06-17 05:03:49', '2019-06-17 05:03:49'),
(398, 1, 'admin/gejala', 'GET', '127.0.0.1', '{\"_pjax\":\"#pjax-container\"}', '2019-06-17 05:03:51', '2019-06-17 05:03:51'),
(399, 1, 'admin/auth/menu', 'GET', '127.0.0.1', '[]', '2019-06-17 07:09:09', '2019-06-17 07:09:09'),
(400, 1, 'admin/auth/menu', 'POST', '127.0.0.1', '{\"parent_id\":\"10\",\"title\":\"Master Agama\",\"icon\":\"fa-bank\",\"uri\":\"agama\",\"roles\":[\"1\",null],\"permission\":\"*\",\"_token\":\"PACwF2NA1y8ajeYMVWPoGJF13VzhOegaBdpL9ukc\"}', '2019-06-17 07:10:06', '2019-06-17 07:10:06'),
(401, 1, 'admin/auth/menu', 'GET', '127.0.0.1', '[]', '2019-06-17 07:10:06', '2019-06-17 07:10:06'),
(402, 1, 'admin/auth/menu', 'POST', '127.0.0.1', '{\"parent_id\":\"10\",\"title\":\"Master Jenis Kelamin\",\"icon\":\"fa-intersex\",\"uri\":\"jenis-kelamin\",\"roles\":[\"1\",null],\"permission\":\"*\",\"_token\":\"PACwF2NA1y8ajeYMVWPoGJF13VzhOegaBdpL9ukc\"}', '2019-06-17 07:10:42', '2019-06-17 07:10:42'),
(403, 1, 'admin/auth/menu', 'GET', '127.0.0.1', '[]', '2019-06-17 07:10:43', '2019-06-17 07:10:43'),
(404, 1, 'admin/auth/menu', 'POST', '127.0.0.1', '{\"parent_id\":\"10\",\"title\":\"Master Pekerjaan\",\"icon\":\"fa-suitcase\",\"uri\":\"pekerjaan\",\"roles\":[\"1\",null],\"permission\":\"*\",\"_token\":\"PACwF2NA1y8ajeYMVWPoGJF13VzhOegaBdpL9ukc\"}', '2019-06-17 07:11:11', '2019-06-17 07:11:11'),
(405, 1, 'admin/auth/menu', 'GET', '127.0.0.1', '[]', '2019-06-17 07:11:11', '2019-06-17 07:11:11'),
(406, 1, 'admin/auth/menu', 'POST', '127.0.0.1', '{\"parent_id\":\"10\",\"title\":\"Master Pendidikan\",\"icon\":\"fa-book\",\"uri\":\"pendidikan\",\"roles\":[\"1\",null],\"permission\":\"*\",\"_token\":\"PACwF2NA1y8ajeYMVWPoGJF13VzhOegaBdpL9ukc\"}', '2019-06-17 07:11:48', '2019-06-17 07:11:48'),
(407, 1, 'admin/auth/menu', 'GET', '127.0.0.1', '[]', '2019-06-17 07:11:48', '2019-06-17 07:11:48');
INSERT INTO `admin_operation_log` (`id`, `user_id`, `path`, `method`, `ip`, `input`, `created_at`, `updated_at`) VALUES
(408, 1, 'admin/auth/menu', 'POST', '127.0.0.1', '{\"parent_id\":\"10\",\"title\":\"Master Status Perkawinan\",\"icon\":\"fa-user\",\"uri\":\"status-perkawinan\",\"roles\":[\"1\",null],\"permission\":\"*\",\"_token\":\"PACwF2NA1y8ajeYMVWPoGJF13VzhOegaBdpL9ukc\"}', '2019-06-17 07:12:35', '2019-06-17 07:12:35'),
(409, 1, 'admin/auth/menu', 'GET', '127.0.0.1', '[]', '2019-06-17 07:12:35', '2019-06-17 07:12:35'),
(410, 1, 'admin/auth/menu', 'GET', '127.0.0.1', '[]', '2019-06-17 07:12:39', '2019-06-17 07:12:39'),
(411, 1, 'admin/agama', 'GET', '127.0.0.1', '{\"_pjax\":\"#pjax-container\"}', '2019-06-17 07:12:41', '2019-06-17 07:12:41'),
(412, 1, 'admin/agama/create', 'GET', '127.0.0.1', '{\"_pjax\":\"#pjax-container\"}', '2019-06-17 07:12:43', '2019-06-17 07:12:43'),
(413, 1, 'admin/agama', 'POST', '127.0.0.1', '{\"agama\":\"Hindu\",\"_token\":\"PACwF2NA1y8ajeYMVWPoGJF13VzhOegaBdpL9ukc\",\"_previous_\":\"http:\\/\\/localhost:1234\\/admin\\/agama\"}', '2019-06-17 07:12:49', '2019-06-17 07:12:49'),
(414, 1, 'admin/agama', 'GET', '127.0.0.1', '[]', '2019-06-17 07:12:49', '2019-06-17 07:12:49'),
(415, 1, 'admin/agama/create', 'GET', '127.0.0.1', '{\"_pjax\":\"#pjax-container\"}', '2019-06-17 07:12:50', '2019-06-17 07:12:50'),
(416, 1, 'admin/agama', 'POST', '127.0.0.1', '{\"agama\":\"Islam\",\"_token\":\"PACwF2NA1y8ajeYMVWPoGJF13VzhOegaBdpL9ukc\",\"_previous_\":\"http:\\/\\/localhost:1234\\/admin\\/agama\"}', '2019-06-17 07:12:53', '2019-06-17 07:12:53'),
(417, 1, 'admin/agama', 'GET', '127.0.0.1', '[]', '2019-06-17 07:12:54', '2019-06-17 07:12:54'),
(418, 1, 'admin/agama/create', 'GET', '127.0.0.1', '{\"_pjax\":\"#pjax-container\"}', '2019-06-17 07:12:55', '2019-06-17 07:12:55'),
(419, 1, 'admin/agama', 'POST', '127.0.0.1', '{\"agama\":\"Budha\",\"_token\":\"PACwF2NA1y8ajeYMVWPoGJF13VzhOegaBdpL9ukc\",\"_previous_\":\"http:\\/\\/localhost:1234\\/admin\\/agama\"}', '2019-06-17 07:12:58', '2019-06-17 07:12:58'),
(420, 1, 'admin/agama', 'GET', '127.0.0.1', '[]', '2019-06-17 07:12:58', '2019-06-17 07:12:58'),
(421, 1, 'admin/agama/create', 'GET', '127.0.0.1', '{\"_pjax\":\"#pjax-container\"}', '2019-06-17 07:12:59', '2019-06-17 07:12:59'),
(422, 1, 'admin/agama', 'POST', '127.0.0.1', '{\"agama\":\"Kristen\",\"_token\":\"PACwF2NA1y8ajeYMVWPoGJF13VzhOegaBdpL9ukc\",\"_previous_\":\"http:\\/\\/localhost:1234\\/admin\\/agama\"}', '2019-06-17 07:13:10', '2019-06-17 07:13:10'),
(423, 1, 'admin/agama', 'GET', '127.0.0.1', '[]', '2019-06-17 07:13:10', '2019-06-17 07:13:10'),
(424, 1, 'admin/jenis-kelamin', 'GET', '127.0.0.1', '{\"_pjax\":\"#pjax-container\"}', '2019-06-17 07:13:17', '2019-06-17 07:13:17'),
(425, 1, 'admin/jenis-kelamin/create', 'GET', '127.0.0.1', '{\"_pjax\":\"#pjax-container\"}', '2019-06-17 07:13:19', '2019-06-17 07:13:19'),
(426, 1, 'admin/jenis-kelamin', 'POST', '127.0.0.1', '{\"jenis_kelamain\":\"Laki-laki\",\"_token\":\"PACwF2NA1y8ajeYMVWPoGJF13VzhOegaBdpL9ukc\",\"_previous_\":\"http:\\/\\/localhost:1234\\/admin\\/jenis-kelamin\"}', '2019-06-17 07:13:24', '2019-06-17 07:13:24'),
(427, 1, 'admin/jenis-kelamin', 'GET', '127.0.0.1', '[]', '2019-06-17 07:13:24', '2019-06-17 07:13:24'),
(428, 1, 'admin/jenis-kelamin/create', 'GET', '127.0.0.1', '{\"_pjax\":\"#pjax-container\"}', '2019-06-17 07:13:26', '2019-06-17 07:13:26'),
(429, 1, 'admin/jenis-kelamin', 'POST', '127.0.0.1', '{\"jenis_kelamain\":\"Perempuan\",\"_token\":\"PACwF2NA1y8ajeYMVWPoGJF13VzhOegaBdpL9ukc\",\"_previous_\":\"http:\\/\\/localhost:1234\\/admin\\/jenis-kelamin\"}', '2019-06-17 07:13:31', '2019-06-17 07:13:31'),
(430, 1, 'admin/jenis-kelamin', 'GET', '127.0.0.1', '[]', '2019-06-17 07:13:31', '2019-06-17 07:13:31'),
(431, 1, 'admin/pekerjaan', 'GET', '127.0.0.1', '{\"_pjax\":\"#pjax-container\"}', '2019-06-17 07:13:34', '2019-06-17 07:13:34'),
(432, 1, 'admin/pekerjaan/create', 'GET', '127.0.0.1', '{\"_pjax\":\"#pjax-container\"}', '2019-06-17 07:13:37', '2019-06-17 07:13:37'),
(433, 1, 'admin/pekerjaan', 'POST', '127.0.0.1', '{\"pekerjaan\":\"Pegawai Negeri Sipil\",\"_token\":\"PACwF2NA1y8ajeYMVWPoGJF13VzhOegaBdpL9ukc\",\"_previous_\":\"http:\\/\\/localhost:1234\\/admin\\/pekerjaan\"}', '2019-06-17 07:13:43', '2019-06-17 07:13:43'),
(434, 1, 'admin/pekerjaan', 'GET', '127.0.0.1', '[]', '2019-06-17 07:13:43', '2019-06-17 07:13:43'),
(435, 1, 'admin/pekerjaan/create', 'GET', '127.0.0.1', '{\"_pjax\":\"#pjax-container\"}', '2019-06-17 07:13:44', '2019-06-17 07:13:44'),
(436, 1, 'admin/pekerjaan', 'POST', '127.0.0.1', '{\"pekerjaan\":\"Pegawai Swasta\",\"_token\":\"PACwF2NA1y8ajeYMVWPoGJF13VzhOegaBdpL9ukc\",\"_previous_\":\"http:\\/\\/localhost:1234\\/admin\\/pekerjaan\"}', '2019-06-17 07:13:52', '2019-06-17 07:13:52'),
(437, 1, 'admin/pekerjaan', 'GET', '127.0.0.1', '[]', '2019-06-17 07:13:52', '2019-06-17 07:13:52'),
(438, 1, 'admin/pekerjaan/create', 'GET', '127.0.0.1', '{\"_pjax\":\"#pjax-container\"}', '2019-06-17 07:13:53', '2019-06-17 07:13:53'),
(439, 1, 'admin/pekerjaan', 'POST', '127.0.0.1', '{\"pekerjaan\":\"Wirausaha\",\"_token\":\"PACwF2NA1y8ajeYMVWPoGJF13VzhOegaBdpL9ukc\",\"_previous_\":\"http:\\/\\/localhost:1234\\/admin\\/pekerjaan\"}', '2019-06-17 07:14:02', '2019-06-17 07:14:02'),
(440, 1, 'admin/pekerjaan', 'GET', '127.0.0.1', '[]', '2019-06-17 07:14:02', '2019-06-17 07:14:02'),
(441, 1, 'admin/pendidikan', 'GET', '127.0.0.1', '{\"_pjax\":\"#pjax-container\"}', '2019-06-17 07:14:05', '2019-06-17 07:14:05'),
(442, 1, 'admin/pendidikan/create', 'GET', '127.0.0.1', '{\"_pjax\":\"#pjax-container\"}', '2019-06-17 07:14:07', '2019-06-17 07:14:07'),
(443, 1, 'admin/pendidikan', 'POST', '127.0.0.1', '{\"pendidikan\":\"Sekolah Dasar (SD)\",\"_token\":\"PACwF2NA1y8ajeYMVWPoGJF13VzhOegaBdpL9ukc\",\"_previous_\":\"http:\\/\\/localhost:1234\\/admin\\/pendidikan\"}', '2019-06-17 07:14:15', '2019-06-17 07:14:15'),
(444, 1, 'admin/pendidikan', 'GET', '127.0.0.1', '[]', '2019-06-17 07:14:15', '2019-06-17 07:14:15'),
(445, 1, 'admin/pendidikan/create', 'GET', '127.0.0.1', '{\"_pjax\":\"#pjax-container\"}', '2019-06-17 07:14:16', '2019-06-17 07:14:16'),
(446, 1, 'admin/pendidikan', 'POST', '127.0.0.1', '{\"pendidikan\":\"Sekolah Menengah Pertama (SMP)\",\"_token\":\"PACwF2NA1y8ajeYMVWPoGJF13VzhOegaBdpL9ukc\",\"_previous_\":\"http:\\/\\/localhost:1234\\/admin\\/pendidikan\"}', '2019-06-17 07:14:26', '2019-06-17 07:14:26'),
(447, 1, 'admin/pendidikan', 'GET', '127.0.0.1', '[]', '2019-06-17 07:14:26', '2019-06-17 07:14:26'),
(448, 1, 'admin/pendidikan/create', 'GET', '127.0.0.1', '{\"_pjax\":\"#pjax-container\"}', '2019-06-17 07:14:27', '2019-06-17 07:14:27'),
(449, 1, 'admin/pendidikan', 'POST', '127.0.0.1', '{\"pendidikan\":\"Sekolah Menengah Atas (SMA)\",\"_token\":\"PACwF2NA1y8ajeYMVWPoGJF13VzhOegaBdpL9ukc\",\"_previous_\":\"http:\\/\\/localhost:1234\\/admin\\/pendidikan\"}', '2019-06-17 07:14:38', '2019-06-17 07:14:38'),
(450, 1, 'admin/pendidikan', 'GET', '127.0.0.1', '[]', '2019-06-17 07:14:38', '2019-06-17 07:14:38'),
(451, 1, 'admin/pendidikan/create', 'GET', '127.0.0.1', '{\"_pjax\":\"#pjax-container\"}', '2019-06-17 07:14:40', '2019-06-17 07:14:40'),
(452, 1, 'admin/pendidikan', 'POST', '127.0.0.1', '{\"pendidikan\":\"Sarjana (S1)\",\"_token\":\"PACwF2NA1y8ajeYMVWPoGJF13VzhOegaBdpL9ukc\",\"_previous_\":\"http:\\/\\/localhost:1234\\/admin\\/pendidikan\"}', '2019-06-17 07:14:57', '2019-06-17 07:14:57'),
(453, 1, 'admin/pendidikan', 'GET', '127.0.0.1', '[]', '2019-06-17 07:14:57', '2019-06-17 07:14:57'),
(454, 1, 'admin/pendidikan/create', 'GET', '127.0.0.1', '{\"_pjax\":\"#pjax-container\"}', '2019-06-17 07:14:59', '2019-06-17 07:14:59'),
(455, 1, 'admin/pendidikan', 'POST', '127.0.0.1', '{\"pendidikan\":\"Magister (S2)\",\"_token\":\"PACwF2NA1y8ajeYMVWPoGJF13VzhOegaBdpL9ukc\",\"_previous_\":\"http:\\/\\/localhost:1234\\/admin\\/pendidikan\"}', '2019-06-17 07:15:05', '2019-06-17 07:15:05'),
(456, 1, 'admin/pendidikan', 'GET', '127.0.0.1', '[]', '2019-06-17 07:15:06', '2019-06-17 07:15:06'),
(457, 1, 'admin/pendidikan/create', 'GET', '127.0.0.1', '{\"_pjax\":\"#pjax-container\"}', '2019-06-17 07:15:07', '2019-06-17 07:15:07'),
(458, 1, 'admin/pendidikan', 'POST', '127.0.0.1', '{\"pendidikan\":\"S3\",\"_token\":\"PACwF2NA1y8ajeYMVWPoGJF13VzhOegaBdpL9ukc\",\"_previous_\":\"http:\\/\\/localhost:1234\\/admin\\/pendidikan\"}', '2019-06-17 07:15:20', '2019-06-17 07:15:20'),
(459, 1, 'admin/pendidikan', 'GET', '127.0.0.1', '[]', '2019-06-17 07:15:20', '2019-06-17 07:15:20'),
(460, 1, 'admin/status-perkawinan', 'GET', '127.0.0.1', '{\"_pjax\":\"#pjax-container\"}', '2019-06-17 07:15:26', '2019-06-17 07:15:26'),
(461, 1, 'admin/status-perkawinan/create', 'GET', '127.0.0.1', '{\"_pjax\":\"#pjax-container\"}', '2019-06-17 07:15:27', '2019-06-17 07:15:27'),
(462, 1, 'admin/status-perkawinan', 'POST', '127.0.0.1', '{\"status_perkawinan\":\"Lajang\",\"_token\":\"PACwF2NA1y8ajeYMVWPoGJF13VzhOegaBdpL9ukc\",\"_previous_\":\"http:\\/\\/localhost:1234\\/admin\\/status-perkawinan\"}', '2019-06-17 07:15:32', '2019-06-17 07:15:32'),
(463, 1, 'admin/status-perkawinan', 'GET', '127.0.0.1', '[]', '2019-06-17 07:15:32', '2019-06-17 07:15:32'),
(464, 1, 'admin/status-perkawinan/create', 'GET', '127.0.0.1', '{\"_pjax\":\"#pjax-container\"}', '2019-06-17 07:15:32', '2019-06-17 07:15:32'),
(465, 1, 'admin/status-perkawinan', 'POST', '127.0.0.1', '{\"status_perkawinan\":\"Kawin\",\"_token\":\"PACwF2NA1y8ajeYMVWPoGJF13VzhOegaBdpL9ukc\",\"_previous_\":\"http:\\/\\/localhost:1234\\/admin\\/status-perkawinan\"}', '2019-06-17 07:15:36', '2019-06-17 07:15:36'),
(466, 1, 'admin/status-perkawinan', 'GET', '127.0.0.1', '[]', '2019-06-17 07:15:36', '2019-06-17 07:15:36'),
(467, 1, 'admin/status-perkawinan/create', 'GET', '127.0.0.1', '{\"_pjax\":\"#pjax-container\"}', '2019-06-17 07:15:37', '2019-06-17 07:15:37'),
(468, 1, 'admin/status-perkawinan', 'POST', '127.0.0.1', '{\"status_perkawinan\":\"Janda \\/ Duda\",\"_token\":\"PACwF2NA1y8ajeYMVWPoGJF13VzhOegaBdpL9ukc\",\"_previous_\":\"http:\\/\\/localhost:1234\\/admin\\/status-perkawinan\"}', '2019-06-17 07:15:46', '2019-06-17 07:15:46'),
(469, 1, 'admin/status-perkawinan', 'GET', '127.0.0.1', '[]', '2019-06-17 07:15:46', '2019-06-17 07:15:46'),
(470, 1, 'admin/auth/menu', 'GET', '127.0.0.1', '{\"_pjax\":\"#pjax-container\"}', '2019-06-17 07:19:30', '2019-06-17 07:19:30'),
(471, 1, 'admin/auth/menu', 'POST', '127.0.0.1', '{\"parent_id\":\"10\",\"title\":\"Master Solusi\",\"icon\":\"fa-bars\",\"uri\":\"solusi\",\"roles\":[\"1\",null],\"permission\":\"*\",\"_token\":\"PACwF2NA1y8ajeYMVWPoGJF13VzhOegaBdpL9ukc\"}', '2019-06-17 07:19:45', '2019-06-17 07:19:45'),
(472, 1, 'admin/auth/menu', 'GET', '127.0.0.1', '[]', '2019-06-17 07:19:46', '2019-06-17 07:19:46'),
(473, 1, 'admin/auth/menu', 'GET', '127.0.0.1', '[]', '2019-06-17 07:19:50', '2019-06-17 07:19:50'),
(474, 1, 'admin/solusi', 'GET', '127.0.0.1', '[]', '2019-06-17 07:20:21', '2019-06-17 07:20:21'),
(475, 1, 'admin/solusi/create', 'GET', '127.0.0.1', '{\"_pjax\":\"#pjax-container\"}', '2019-06-17 07:20:23', '2019-06-17 07:20:23'),
(476, 1, 'admin/diagnosa', 'GET', '127.0.0.1', '[]', '2019-06-17 07:20:34', '2019-06-17 07:20:34'),
(477, 1, 'admin/solusi', 'POST', '127.0.0.1', '{\"diagnosa_id\":\"1\",\"solusi\":\"-\",\"_token\":\"PACwF2NA1y8ajeYMVWPoGJF13VzhOegaBdpL9ukc\",\"_previous_\":\"http:\\/\\/localhost:1234\\/admin\\/solusi\"}', '2019-06-17 07:21:21', '2019-06-17 07:21:21'),
(478, 1, 'admin/solusi', 'GET', '127.0.0.1', '[]', '2019-06-17 07:21:21', '2019-06-17 07:21:21'),
(479, 1, 'admin/solusi/create', 'GET', '127.0.0.1', '{\"_pjax\":\"#pjax-container\"}', '2019-06-17 07:21:25', '2019-06-17 07:21:25'),
(480, 1, 'admin/solusi', 'POST', '127.0.0.1', '{\"diagnosa_id\":\"2\",\"solusi\":\"Depresi ringan dapat diterapi dengan relaksasi dan belum terlalu memerlukan terapi antidepresan.\",\"_token\":\"PACwF2NA1y8ajeYMVWPoGJF13VzhOegaBdpL9ukc\",\"_previous_\":\"http:\\/\\/localhost:1234\\/admin\\/solusi\"}', '2019-06-17 07:21:52', '2019-06-17 07:21:52'),
(481, 1, 'admin/solusi', 'GET', '127.0.0.1', '[]', '2019-06-17 07:21:52', '2019-06-17 07:21:52'),
(482, 1, 'admin/solusi/create', 'GET', '127.0.0.1', '{\"_pjax\":\"#pjax-container\"}', '2019-06-17 07:21:55', '2019-06-17 07:21:55'),
(483, 1, 'admin/solusi', 'POST', '127.0.0.1', '{\"diagnosa_id\":\"3\",\"solusi\":\"Memerlukan terapi ahli\\/ psikiater atau memerlukan terapi obat ( Tricyclic Antidepressants) + CBT ( Cognitive Behavior Therapy)\",\"_token\":\"PACwF2NA1y8ajeYMVWPoGJF13VzhOegaBdpL9ukc\",\"_previous_\":\"http:\\/\\/localhost:1234\\/admin\\/solusi\"}', '2019-06-17 07:22:07', '2019-06-17 07:22:07'),
(484, 1, 'admin/solusi', 'GET', '127.0.0.1', '[]', '2019-06-17 07:22:07', '2019-06-17 07:22:07'),
(485, 1, 'admin/solusi/create', 'GET', '127.0.0.1', '{\"_pjax\":\"#pjax-container\"}', '2019-06-17 07:22:10', '2019-06-17 07:22:10'),
(486, 1, 'admin/solusi', 'POST', '127.0.0.1', '{\"diagnosa_id\":\"4\",\"solusi\":\"Memerlukan trapi ahli\\/psikiater atau memerlukan terapi obat SSRI ( Selective Serotonin Reuptake Ingibitors and Related Drugs ) + CBT (Cognitive Behavior Therapy)\",\"_token\":\"PACwF2NA1y8ajeYMVWPoGJF13VzhOegaBdpL9ukc\",\"_previous_\":\"http:\\/\\/localhost:1234\\/admin\\/solusi\"}', '2019-06-17 07:22:23', '2019-06-17 07:22:23'),
(487, 1, 'admin/solusi', 'GET', '127.0.0.1', '[]', '2019-06-17 07:22:24', '2019-06-17 07:22:24'),
(488, 1, 'admin/solusi', 'GET', '127.0.0.1', '[]', '2019-06-17 07:22:28', '2019-06-17 07:22:28'),
(489, 1, 'admin/solusi', 'GET', '127.0.0.1', '[]', '2019-06-17 07:23:59', '2019-06-17 07:23:59'),
(490, 1, 'admin/solusi', 'GET', '127.0.0.1', '[]', '2019-06-17 07:25:37', '2019-06-17 07:25:37'),
(491, 1, 'admin', 'GET', '127.0.0.1', '{\"_pjax\":\"#pjax-container\"}', '2019-06-17 07:25:38', '2019-06-17 07:25:38'),
(492, 1, 'admin/gejala', 'GET', '127.0.0.1', '{\"_pjax\":\"#pjax-container\"}', '2019-06-17 07:25:44', '2019-06-17 07:25:44'),
(493, 1, 'admin', 'GET', '127.0.0.1', '{\"_pjax\":\"#pjax-container\"}', '2019-06-17 07:27:07', '2019-06-17 07:27:07'),
(494, 1, 'admin/auth/logout', 'GET', '127.0.0.1', '[]', '2019-06-17 07:47:37', '2019-06-17 07:47:37'),
(495, 1, 'admin', 'GET', '127.0.0.1', '[]', '2019-06-22 02:18:06', '2019-06-22 02:18:06'),
(496, 1, 'admin/pekerjaan', 'GET', '127.0.0.1', '{\"_pjax\":\"#pjax-container\"}', '2019-06-22 02:18:11', '2019-06-22 02:18:11'),
(497, 1, 'admin/pekerjaan', 'GET', '127.0.0.1', '[]', '2019-06-22 03:11:31', '2019-06-22 03:11:31'),
(498, 1, 'admin/pekerjaan', 'GET', '127.0.0.1', '[]', '2019-06-22 03:11:39', '2019-06-22 03:11:39'),
(499, 1, 'admin', 'GET', '127.0.0.1', '{\"_pjax\":\"#pjax-container\"}', '2019-06-22 03:20:51', '2019-06-22 03:20:51'),
(500, 1, 'admin/auth/menu', 'GET', '127.0.0.1', '{\"_pjax\":\"#pjax-container\"}', '2019-06-22 03:20:54', '2019-06-22 03:20:54'),
(501, 1, 'admin/auth/menu', 'POST', '127.0.0.1', '{\"parent_id\":\"0\",\"title\":\"Pasien\",\"icon\":\"fa-users\",\"uri\":\"\\/pasien\",\"roles\":[\"1\",null],\"permission\":\"*\",\"_token\":\"2LWcwR5KStz4t9DNudkMgstgX6GqMh2TglIWwOLi\"}', '2019-06-22 03:21:14', '2019-06-22 03:21:14'),
(502, 1, 'admin/auth/menu', 'GET', '127.0.0.1', '[]', '2019-06-22 03:21:14', '2019-06-22 03:21:14'),
(503, 1, 'admin/auth/menu', 'GET', '127.0.0.1', '[]', '2019-06-22 03:22:22', '2019-06-22 03:22:22'),
(504, 1, 'admin/pasien', 'GET', '127.0.0.1', '[]', '2019-06-22 03:22:54', '2019-06-22 03:22:54'),
(505, 1, 'admin/pasien', 'GET', '127.0.0.1', '[]', '2019-06-22 04:06:09', '2019-06-22 04:06:09'),
(506, 1, 'admin/pasien/1/edit', 'GET', '127.0.0.1', '{\"_pjax\":\"#pjax-container\"}', '2019-06-22 04:06:32', '2019-06-22 04:06:32'),
(507, 1, 'admin/pasien', 'GET', '127.0.0.1', '{\"_pjax\":\"#pjax-container\"}', '2019-06-22 04:06:35', '2019-06-22 04:06:35'),
(508, 1, 'admin/pasien', 'GET', '127.0.0.1', '[]', '2019-06-22 04:09:18', '2019-06-22 04:09:18'),
(509, 1, 'admin/pasien', 'GET', '127.0.0.1', '[]', '2019-06-22 06:37:11', '2019-06-22 06:37:11'),
(510, 1, 'admin', 'GET', '127.0.0.1', '{\"_pjax\":\"#pjax-container\"}', '2019-06-22 06:37:13', '2019-06-22 06:37:13'),
(511, 1, 'admin/pekerjaan', 'GET', '127.0.0.1', '{\"_pjax\":\"#pjax-container\"}', '2019-06-22 06:37:46', '2019-06-22 06:37:46'),
(512, 1, 'admin/pekerjaan/create', 'GET', '127.0.0.1', '{\"_pjax\":\"#pjax-container\"}', '2019-06-22 06:37:47', '2019-06-22 06:37:47'),
(513, 1, 'admin/pekerjaan', 'GET', '127.0.0.1', '{\"_pjax\":\"#pjax-container\"}', '2019-06-22 06:37:49', '2019-06-22 06:37:49'),
(514, 1, 'admin/pasien', 'GET', '127.0.0.1', '{\"_pjax\":\"#pjax-container\"}', '2019-06-22 06:37:55', '2019-06-22 06:37:55'),
(515, 1, 'admin', 'GET', '127.0.0.1', '{\"_pjax\":\"#pjax-container\"}', '2019-06-22 06:45:14', '2019-06-22 06:45:14'),
(516, 1, 'admin/auth/menu', 'GET', '127.0.0.1', '{\"_pjax\":\"#pjax-container\"}', '2019-06-22 06:45:20', '2019-06-22 06:45:20'),
(517, 1, 'admin/pasien', 'GET', '127.0.0.1', '{\"_pjax\":\"#pjax-container\"}', '2019-06-22 06:45:24', '2019-06-22 06:45:24');

-- --------------------------------------------------------

--
-- Table structure for table `admin_permissions`
--

CREATE TABLE `admin_permissions` (
  `id` int(10) UNSIGNED NOT NULL,
  `name` varchar(50) COLLATE utf8mb4_unicode_ci NOT NULL,
  `slug` varchar(50) COLLATE utf8mb4_unicode_ci NOT NULL,
  `http_method` varchar(191) COLLATE utf8mb4_unicode_ci DEFAULT NULL,
  `http_path` text COLLATE utf8mb4_unicode_ci,
  `created_at` timestamp NULL DEFAULT NULL,
  `updated_at` timestamp NULL DEFAULT NULL
) ENGINE=InnoDB DEFAULT CHARSET=utf8mb4 COLLATE=utf8mb4_unicode_ci;

--
-- Dumping data for table `admin_permissions`
--

INSERT INTO `admin_permissions` (`id`, `name`, `slug`, `http_method`, `http_path`, `created_at`, `updated_at`) VALUES
(1, 'All permission', '*', '', '*', NULL, NULL),
(2, 'Dashboard', 'dashboard', 'GET', '/', NULL, NULL),
(3, 'Login', 'auth.login', '', '/auth/login\r\n/auth/logout', NULL, NULL),
(4, 'User setting', 'auth.setting', 'GET,PUT', '/auth/setting', NULL, NULL),
(5, 'Auth management', 'auth.management', '', '/auth/roles\r\n/auth/permissions\r\n/auth/menu\r\n/auth/logs', NULL, NULL);

-- --------------------------------------------------------

--
-- Table structure for table `admin_roles`
--

CREATE TABLE `admin_roles` (
  `id` int(10) UNSIGNED NOT NULL,
  `name` varchar(50) COLLATE utf8mb4_unicode_ci NOT NULL,
  `slug` varchar(50) COLLATE utf8mb4_unicode_ci NOT NULL,
  `created_at` timestamp NULL DEFAULT NULL,
  `updated_at` timestamp NULL DEFAULT NULL
) ENGINE=InnoDB DEFAULT CHARSET=utf8mb4 COLLATE=utf8mb4_unicode_ci;

--
-- Dumping data for table `admin_roles`
--

INSERT INTO `admin_roles` (`id`, `name`, `slug`, `created_at`, `updated_at`) VALUES
(1, 'Administrator', 'administrator', '2019-02-10 08:02:39', '2019-02-10 08:02:39');

-- --------------------------------------------------------

--
-- Table structure for table `admin_role_menu`
--

CREATE TABLE `admin_role_menu` (
  `role_id` int(11) NOT NULL,
  `menu_id` int(11) NOT NULL,
  `created_at` timestamp NULL DEFAULT NULL,
  `updated_at` timestamp NULL DEFAULT NULL
) ENGINE=InnoDB DEFAULT CHARSET=utf8mb4 COLLATE=utf8mb4_unicode_ci;

--
-- Dumping data for table `admin_role_menu`
--

INSERT INTO `admin_role_menu` (`role_id`, `menu_id`, `created_at`, `updated_at`) VALUES
(1, 2, NULL, NULL),
(1, 8, NULL, NULL),
(1, 9, NULL, NULL),
(1, 10, NULL, NULL),
(1, 11, NULL, NULL),
(1, 12, NULL, NULL),
(1, 13, NULL, NULL),
(1, 14, NULL, NULL),
(1, 15, NULL, NULL),
(1, 16, NULL, NULL),
(1, 17, NULL, NULL);

-- --------------------------------------------------------

--
-- Table structure for table `admin_role_permissions`
--

CREATE TABLE `admin_role_permissions` (
  `role_id` int(11) NOT NULL,
  `permission_id` int(11) NOT NULL,
  `created_at` timestamp NULL DEFAULT NULL,
  `updated_at` timestamp NULL DEFAULT NULL
) ENGINE=InnoDB DEFAULT CHARSET=utf8mb4 COLLATE=utf8mb4_unicode_ci;

--
-- Dumping data for table `admin_role_permissions`
--

INSERT INTO `admin_role_permissions` (`role_id`, `permission_id`, `created_at`, `updated_at`) VALUES
(1, 1, NULL, NULL),
(2, 1, NULL, NULL);

-- --------------------------------------------------------

--
-- Table structure for table `admin_role_users`
--

CREATE TABLE `admin_role_users` (
  `role_id` int(11) NOT NULL,
  `user_id` int(11) NOT NULL,
  `created_at` timestamp NULL DEFAULT NULL,
  `updated_at` timestamp NULL DEFAULT NULL
) ENGINE=InnoDB DEFAULT CHARSET=utf8mb4 COLLATE=utf8mb4_unicode_ci;

--
-- Dumping data for table `admin_role_users`
--

INSERT INTO `admin_role_users` (`role_id`, `user_id`, `created_at`, `updated_at`) VALUES
(1, 1, NULL, NULL);

-- --------------------------------------------------------

--
-- Table structure for table `admin_users`
--

CREATE TABLE `admin_users` (
  `id` int(10) UNSIGNED NOT NULL,
  `username` varchar(190) COLLATE utf8mb4_unicode_ci NOT NULL,
  `password` varchar(60) COLLATE utf8mb4_unicode_ci NOT NULL,
  `name` varchar(191) COLLATE utf8mb4_unicode_ci NOT NULL,
  `avatar` varchar(191) COLLATE utf8mb4_unicode_ci DEFAULT NULL,
  `remember_token` varchar(100) COLLATE utf8mb4_unicode_ci DEFAULT NULL,
  `created_at` timestamp NULL DEFAULT NULL,
  `updated_at` timestamp NULL DEFAULT NULL
) ENGINE=InnoDB DEFAULT CHARSET=utf8mb4 COLLATE=utf8mb4_unicode_ci;

--
-- Dumping data for table `admin_users`
--

INSERT INTO `admin_users` (`id`, `username`, `password`, `name`, `avatar`, `remember_token`, `created_at`, `updated_at`) VALUES
(1, 'admin', '$2y$10$Agcj1gC1I9mLt8BL6/bAPuIG19nfHto/3/8/hPyZMqmwTk539VNXy', 'Administrator', NULL, 'Z68yM60wxUwbLtgq9CDhn5ZluT1QBWv3iCBCyBQb57oawdWMpskS5cuQ27us', NULL, NULL);

-- --------------------------------------------------------

--
-- Table structure for table `admin_user_permissions`
--

CREATE TABLE `admin_user_permissions` (
  `user_id` int(11) NOT NULL,
  `permission_id` int(11) NOT NULL,
  `created_at` timestamp NULL DEFAULT NULL,
  `updated_at` timestamp NULL DEFAULT NULL
) ENGINE=InnoDB DEFAULT CHARSET=utf8mb4 COLLATE=utf8mb4_unicode_ci;

-- --------------------------------------------------------

--
-- Table structure for table `migrations`
--

CREATE TABLE `migrations` (
  `id` int(10) UNSIGNED NOT NULL,
  `migration` varchar(191) COLLATE utf8mb4_unicode_ci NOT NULL,
  `batch` int(11) NOT NULL
) ENGINE=InnoDB DEFAULT CHARSET=utf8mb4 COLLATE=utf8mb4_unicode_ci;

--
-- Dumping data for table `migrations`
--

INSERT INTO `migrations` (`id`, `migration`, `batch`) VALUES
(1, '2014_10_12_000000_create_users_table', 1),
(2, '2014_10_12_100000_create_password_resets_table', 1),
(3, '2016_01_04_173148_create_admin_tables', 1);

-- --------------------------------------------------------

--
-- Table structure for table `m_agama`
--

CREATE TABLE `m_agama` (
  `id` int(11) NOT NULL,
  `agama` varchar(100) NOT NULL,
  `created_at` timestamp NOT NULL DEFAULT CURRENT_TIMESTAMP,
  `updated_at` timestamp NOT NULL DEFAULT CURRENT_TIMESTAMP ON UPDATE CURRENT_TIMESTAMP
) ENGINE=InnoDB DEFAULT CHARSET=latin1;

--
-- Dumping data for table `m_agama`
--

INSERT INTO `m_agama` (`id`, `agama`, `created_at`, `updated_at`) VALUES
(1, 'Hindu', '2019-06-17 07:12:49', '2019-06-17 07:12:49'),
(2, 'Islam', '2019-06-17 07:12:54', '2019-06-17 07:12:54'),
(3, 'Budha', '2019-06-17 07:12:58', '2019-06-17 07:12:58'),
(4, 'Kristen', '2019-06-17 07:13:10', '2019-06-17 07:13:10');

-- --------------------------------------------------------

--
-- Table structure for table `m_diagnosa`
--

CREATE TABLE `m_diagnosa` (
  `id` int(5) NOT NULL,
  `diagnosa` varchar(20) NOT NULL,
  `range_start` int(5) NOT NULL,
  `range_end` int(5) NOT NULL
) ENGINE=InnoDB DEFAULT CHARSET=latin1;

--
-- Dumping data for table `m_diagnosa`
--

INSERT INTO `m_diagnosa` (`id`, `diagnosa`, `range_start`, `range_end`) VALUES
(1, 'Tidak Depresi', 0, 13),
(2, 'Depresi RIngan', 14, 19),
(3, 'Depresi Sedang', 20, 26),
(4, 'Depresi Berat', 29, 63);

-- --------------------------------------------------------

--
-- Table structure for table `m_gejala`
--

CREATE TABLE `m_gejala` (
  `id` int(5) NOT NULL,
  `no_gejala` varchar(20) NOT NULL
) ENGINE=InnoDB DEFAULT CHARSET=latin1;

--
-- Dumping data for table `m_gejala`
--

INSERT INTO `m_gejala` (`id`, `no_gejala`) VALUES
(1, 'Gejala 1'),
(2, 'Gejala 2'),
(3, 'Gejala 3'),
(4, 'Gejala 4'),
(5, 'Gejala 5'),
(6, 'Gejala 6'),
(7, 'Gejala 7'),
(8, 'Gejala 8'),
(9, 'Gejala 9'),
(10, 'Gejala 10'),
(11, 'Gejala 11'),
(12, 'Gejala 12'),
(13, 'Gejala 13'),
(14, 'Gejala 14'),
(15, 'Gejala 15'),
(16, 'Gejala 16'),
(17, 'Gejala 17'),
(18, 'Gejala 18'),
(19, 'Gejala 19'),
(20, 'Gejala 20'),
(21, 'Gejala 21');

-- --------------------------------------------------------

--
-- Table structure for table `m_jenis_kelamin`
--

CREATE TABLE `m_jenis_kelamin` (
  `id` int(11) NOT NULL,
  `jenis_kelamain` varchar(100) NOT NULL
) ENGINE=InnoDB DEFAULT CHARSET=latin1;

--
-- Dumping data for table `m_jenis_kelamin`
--

INSERT INTO `m_jenis_kelamin` (`id`, `jenis_kelamain`) VALUES
(1, 'Laki-laki'),
(2, 'Perempuan');

-- --------------------------------------------------------

--
-- Table structure for table `m_pekerjaan`
--

CREATE TABLE `m_pekerjaan` (
  `id` int(11) NOT NULL,
  `pekerjaan` varchar(100) NOT NULL
) ENGINE=InnoDB DEFAULT CHARSET=latin1;

--
-- Dumping data for table `m_pekerjaan`
--

INSERT INTO `m_pekerjaan` (`id`, `pekerjaan`) VALUES
(1, 'Pegawai Negeri Sipil'),
(2, 'Pegawai Swasta'),
(3, 'Wirausaha');

-- --------------------------------------------------------

--
-- Table structure for table `m_pendidikan`
--

CREATE TABLE `m_pendidikan` (
  `id` int(11) NOT NULL,
  `pendidikan` varchar(100) NOT NULL
) ENGINE=InnoDB DEFAULT CHARSET=latin1;

--
-- Dumping data for table `m_pendidikan`
--

INSERT INTO `m_pendidikan` (`id`, `pendidikan`) VALUES
(1, 'Sekolah Dasar (SD)'),
(2, 'Sekolah Menengah Pertama (SMP)'),
(3, 'Sekolah Menengah Atas (SMA)'),
(4, 'Sarjana (S1)'),
(5, 'Magister (S2)'),
(6, 'S3');

-- --------------------------------------------------------

--
-- Table structure for table `m_solusi`
--

CREATE TABLE `m_solusi` (
  `id` int(11) NOT NULL,
  `diagnosa_id` int(11) NOT NULL,
  `solusi` varchar(200) NOT NULL
) ENGINE=InnoDB DEFAULT CHARSET=latin1;

--
-- Dumping data for table `m_solusi`
--

INSERT INTO `m_solusi` (`id`, `diagnosa_id`, `solusi`) VALUES
(1, 1, '-'),
(2, 2, 'Depresi ringan dapat diterapi dengan relaksasi dan belum terlalu memerlukan terapi antidepresan.'),
(3, 3, 'Memerlukan terapi ahli/ psikiater atau memerlukan terapi obat ( Tricyclic Antidepressants) + CBT ( Cognitive Behavior Therapy)'),
(4, 4, 'Memerlukan trapi ahli/psikiater atau memerlukan terapi obat SSRI ( Selective Serotonin Reuptake Ingibitors and Related Drugs ) + CBT (Cognitive Behavior Therapy)');

-- --------------------------------------------------------

--
-- Table structure for table `m_status_perkawinan`
--

CREATE TABLE `m_status_perkawinan` (
  `id` int(11) NOT NULL,
  `status_perkawinan` varchar(100) NOT NULL
) ENGINE=InnoDB DEFAULT CHARSET=latin1;

--
-- Dumping data for table `m_status_perkawinan`
--

INSERT INTO `m_status_perkawinan` (`id`, `status_perkawinan`) VALUES
(1, 'Lajang'),
(2, 'Kawin'),
(3, 'Janda / Duda');

-- --------------------------------------------------------

--
-- Table structure for table `password_resets`
--

CREATE TABLE `password_resets` (
  `email` varchar(191) COLLATE utf8mb4_unicode_ci NOT NULL,
  `token` varchar(191) COLLATE utf8mb4_unicode_ci NOT NULL,
  `created_at` timestamp NULL DEFAULT NULL
) ENGINE=InnoDB DEFAULT CHARSET=utf8mb4 COLLATE=utf8mb4_unicode_ci;

-- --------------------------------------------------------

--
-- Table structure for table `t_gejala`
--

CREATE TABLE `t_gejala` (
  `id` int(11) NOT NULL,
  `m_gejala_id` int(11) NOT NULL,
  `gejala` varchar(200) NOT NULL,
  `nilai` int(11) NOT NULL
) ENGINE=InnoDB DEFAULT CHARSET=latin1;

--
-- Dumping data for table `t_gejala`
--

INSERT INTO `t_gejala` (`id`, `m_gejala_id`, `gejala`, `nilai`) VALUES
(1, 1, 'Saya tidak merasa sedih', 0),
(2, 1, 'Saya merasa sedih', 1),
(3, 1, 'Saya merasa sedih sepanjang waktu dan saya tidak dapat menghilangkannya', 2),
(4, 1, 'Saya begitu sedih sehingga saya merasa tidak tahan lagi', 3),
(5, 2, 'Saya tidak merasa berkecil hati terhadap masa depan', 0),
(6, 2, 'Saya merasa berkecil hati terhadap masa depan', 1),
(7, 2, 'Saya merasa tidak ada sesuatu yang saya nantikan', 2),
(8, 2, 'Saya merasa bahwa tidak ada harapan di masa depan dan segala sesuatunya tidak dapat diperbaiki', 3),
(9, 3, 'Saya tidak merasa gagal', 0),
(10, 3, 'Saya merasa lebih banyak mengalami kegagalan daripada rata  rata orang', 1),
(11, 3, 'Kalau saya meninjau kembali hidup saya, yang dapat saya lihat hanyalah banyak kegagalan', 2),
(12, 3, 'aya merasa sebagai seorang pribadi yang gagal total', 3),
(13, 4, 'Saya memperoleh kepuasan atas segala sesuatu seperti biasanya', 0),
(14, 4, 'Saya tidak dapat menikmati segala sesuatu seperti biasanya', 1),
(15, 4, 'Saya tidak lagi memperoleh kepuasan yang nyata dari segala sesuatu', 2),
(16, 4, 'Saya merasa tidak puas atau bosan terhadap apa sajal', 3),
(17, 5, 'Saya tidak merasa bersalah', 0),
(18, 5, 'Saya cukup sering merasa bersalah', 1),
(19, 5, 'Saya sering merasa sangat bersalah', 2),
(20, 5, 'Saya merasa bersalah sepanjang waktu', 3),
(21, 6, 'Saya tidak merasa bahwa saya sedang dihukum', 0),
(22, 6, 'Saya merasa bahwa saya mungkin dihukum', 1),
(23, 6, 'Saya mengharapkan agar dihukum', 2),
(24, 6, 'Saya merasa bahwa saya sedang dihukum', 3),
(25, 7, 'Saya tidak merasa kecewa terhadap diri saya sendiri', 0),
(26, 7, 'Saya merasa kecewa terhadap diri saya sendiri', 1),
(27, 7, 'Saya merasa jijik terhadap diri saya sendiri', 2),
(28, 7, 'Saya membenci diri saya sendiri', 3),
(29, 8, 'Saya tidak merasa bahwa saya lebih buruk daripada orang lain', 0),
(30, 8, 'Saya selalu mencela diri saya sendiri karena kelemahan atau kekeliruan saya', 1),
(31, 8, 'Saya menyalahkan diri saya sendiri sepanjang waktu atas kesalahan  kesalahan saya', 2),
(32, 8, 'Saya menyalahkan diri saya sendiri atas semua hal buruk yang terjadi', 3),
(33, 9, 'Saya tidak mempunyai pikiran untuk bunuh diri', 0),
(34, 9, 'Saya mempunyai pikiran  pikiran untuk bunuh diri, tetapi saya tidak akan melaksanakannya', 1),
(35, 9, 'Saya ingin bunuh diri', 2),
(36, 9, 'Saya akan bunuh diri kalau ada kesempatan', 3),
(37, 10, 'Saya tidak menangis lebih dari biasanya', 0),
(38, 10, 'Sekarang saya lebih banyak menangis daripada biasanya', 1),
(39, 10, 'Sekarang saya menangis sepanjang waktu', 2),
(40, 10, 'Saya biasanya dapat menangis, tetapi sekarang saya tidak dapat menangis meskipun saya ingin menangis', 3),
(41, 11, 'Sekarang saya tidak merasa lebih jengkel daripada sebelumnya', 0),
(42, 11, 'Saya lebih mudah jengkel atau marah daripada biasanya', 1),
(43, 11, 'Saya sekarang merasa jengkel sepanjang waktu', 2),
(44, 11, 'Saya tidak dibuat jengkel oleh hal  hal yang biasanya menjengkelkan saya', 3),
(45, 12, 'Saya masih tetap senang bergaul dengan orang lain', 0),
(46, 12, 'Saya kurang berminat pada orang lain dibandingkan dengan biasanya', 1),
(47, 12, 'Saya tak kehilangan sebagian besar minat saya terhadap orang lain', 2),
(48, 12, 'Saya telah kehilangan seluruh minat saya terhadap orang lain', 3),
(49, 13, 'Saya mengambil keputusan  keputusan sama baiknya dengan sebelumnya', 0),
(50, 13, 'Saya lebih banyak menunda keputusan daripada biasanya', 1),
(51, 13, 'Saya mempunyai kesulitan yang lebih besar dalam mengambil keputusan daripada sebelumnya', 2),
(52, 13, 'Saya sama sekali tidak dapat mengambil keputusan apa pun', 3),
(53, 14, 'Saya tidak merasa bahwa saya kelihatan lebih jelek daripada sebelumnya', 0),
(54, 14, 'Saya merasa cemas jangan  jangan saya tua atau tidak menarik', 1),
(55, 14, 'Saya merasa bahwa ada perubahan  perubahan tetap pada penampilan saya yang membuat saya kelihatan tidak menarik', 2),
(56, 14, 'Saya yakin bahwa saya kelihatan jelek', 3),
(57, 15, 'Saya dapat bekerja dengan baik seperti sebelumnya', 0),
(58, 15, 'Saya membutuhkan usaha istimewa untuk mulai mengerjakan sesuatu', 1),
(59, 15, 'Saya harus memaksa diri saya untuk mengerjakan sesuatu', 2),
(60, 15, 'Saya sama sekali tidak dapat mengerjakan apa  apa', 3),
(61, 16, 'Saya dapat tidur nyenyak seperti biasanya', 0),
(62, 16, 'Saya tidak dapat tidur nyenyak seperti biasanya', 1),
(63, 16, 'Saya bangun 2-3 jam lebih awal dari biasanya dan sukar tidur kembali', 2),
(64, 16, 'Saya bangun beberapa jam lebih awal daripada biasanya dan tidak dapat tidur kembali', 3),
(65, 17, 'Saya tidak lebih lelah dari biasanya', 0),
(66, 17, 'Saya lebih mudah lelah dari biasanya', 1),
(67, 17, 'Saya hampir selalu merasa lelah dalam mengerjakan segala sesuatu', 2),
(68, 17, 'Saya merasa terlalu lelah untuk mengerjakan apa saja', 3),
(69, 18, 'Nafsu makan saya masih seperti biasanya', 0),
(70, 18, 'Nafsu makan saya tidak sebesar biasanya', 1),
(71, 18, 'Sekarang nafsu makan saya jauh lebih berkurang', 2),
(72, 18, 'Saya tidak mempunyai nafsu makan sama sekali', 3),
(73, 19, 'Saya tidak banyak kehilangan berat badan akhir - akhir ini', 0),
(74, 19, 'aya telah kehilangan berat badan 2,5 kg lebih', 1),
(75, 19, 'Saya telah kehilangan berat badan 5 kg lebih', 2),
(76, 19, 'Saya telah kehilangan berat badan 7,5 kg lebih. Saya sengaja berusaha mengurangi berat badan dengan makan lebih sedikit', 3),
(77, 20, 'Saya tidak mencemaskan kesehatan saya melebihi biasanya', 0),
(78, 20, 'Saya cemas akan masalah kesehatan fisik saya, seperti sakit dan rasa nyeri; sakit perut; ataupun sembelit', 1),
(79, 20, 'Saya sangat cemas akan masalah kesehatan fisik saya dan sulit memikirkan hal  hal lainnya', 2),
(80, 20, 'Saya begitu cemas akan kesehatan fisik saya sehingga saya tidak dapat berpikir mengenai hal  hal lainnya', 3),
(81, 21, 'Saya tidak merasa ada perubahan dalam minat saya terhadap seks pada  akhir  akhir ini', 0),
(82, 21, 'Saya kurang berminat terhadap seks kalau dibandingkan dengan biasanya', 1),
(83, 21, 'Sekarang saya sangat kurang berminat terhadap seks', 2),
(84, 21, 'Saya sama sekali kehilangan minat terhadap seks', 3);

-- --------------------------------------------------------

--
-- Table structure for table `t_pasien`
--

CREATE TABLE `t_pasien` (
  `id` int(11) NOT NULL,
  `nama` varchar(100) NOT NULL,
  `umur` int(11) NOT NULL,
  `jenis_kelamin_id` int(11) NOT NULL,
  `pekerjaan_id` int(11) NOT NULL,
  `pendidikan_id` int(4) NOT NULL,
  `status_perkawinan_id` int(1) NOT NULL,
  `agama_id` int(1) NOT NULL,
  `tgl_pemeriksaan` timestamp NOT NULL DEFAULT CURRENT_TIMESTAMP,
  `created_at` timestamp NOT NULL DEFAULT CURRENT_TIMESTAMP,
  `updated_at` timestamp NOT NULL DEFAULT CURRENT_TIMESTAMP ON UPDATE CURRENT_TIMESTAMP
) ENGINE=InnoDB DEFAULT CHARSET=latin1;

--
-- Dumping data for table `t_pasien`
--

INSERT INTO `t_pasien` (`id`, `nama`, `umur`, `jenis_kelamin_id`, `pekerjaan_id`, `pendidikan_id`, `status_perkawinan_id`, `agama_id`, `tgl_pemeriksaan`, `created_at`, `updated_at`) VALUES
(1, 'Test', 23, 1, 1, 4, 1, 2, '2019-06-22 11:44:59', '2019-06-22 03:44:59', '2019-06-22 03:44:59'),
(2, 'ddadasda', 12, 1, 1, 2, 3, 2, '2019-06-22 11:59:26', '2019-06-22 03:59:26', '2019-06-22 03:59:26'),
(3, 'ddadasda', 12, 1, 1, 2, 3, 2, '2019-06-22 11:59:43', '2019-06-22 03:59:43', '2019-06-22 03:59:43'),
(4, 'dadasda', 23, 1, 1, 3, 3, 4, '2019-06-22 12:00:20', '2019-06-22 04:00:20', '2019-06-22 04:00:20'),
(5, 'Ini Nama', 24, 1, 1, 4, 3, 4, '2019-06-22 13:50:39', '2019-06-22 05:50:39', '2019-06-22 05:50:39'),
(6, 'ini nama', 22, 2, 1, 4, 3, 2, '2019-06-22 14:38:23', '2019-06-22 06:38:23', '2019-06-22 06:38:23'),
(7, 'yudi', 26, 1, 3, 4, 1, 1, '2019-06-22 14:51:51', '2019-06-22 06:51:51', '2019-06-22 06:51:51');

-- --------------------------------------------------------

--
-- Table structure for table `t_pasien_hasil`
--

CREATE TABLE `t_pasien_hasil` (
  `id` int(11) NOT NULL,
  `pasien_id` int(11) NOT NULL,
  `hasil` int(11) NOT NULL,
  `diagnosa_id` int(11) NOT NULL
) ENGINE=InnoDB DEFAULT CHARSET=latin1;

--
-- Dumping data for table `t_pasien_hasil`
--

INSERT INTO `t_pasien_hasil` (`id`, `pasien_id`, `hasil`, `diagnosa_id`) VALUES
(1, 4, 60, 4),
(2, 5, 33, 4),
(3, 5, 55, 4),
(4, 5, 46, 4),
(5, 6, 21, 3),
(6, 7, 24, 3);

-- --------------------------------------------------------

--
-- Table structure for table `users`
--

CREATE TABLE `users` (
  `id` int(10) UNSIGNED NOT NULL,
  `name` varchar(191) COLLATE utf8mb4_unicode_ci NOT NULL,
  `email` varchar(191) COLLATE utf8mb4_unicode_ci NOT NULL,
  `email_verified_at` timestamp NULL DEFAULT NULL,
  `password` varchar(191) COLLATE utf8mb4_unicode_ci NOT NULL,
  `remember_token` varchar(100) COLLATE utf8mb4_unicode_ci DEFAULT NULL,
  `created_at` timestamp NULL DEFAULT NULL,
  `updated_at` timestamp NULL DEFAULT NULL
) ENGINE=InnoDB DEFAULT CHARSET=utf8mb4 COLLATE=utf8mb4_unicode_ci;

--
-- Indexes for dumped tables
--

--
-- Indexes for table `admin_menu`
--
ALTER TABLE `admin_menu`
  ADD PRIMARY KEY (`id`);

--
-- Indexes for table `admin_operation_log`
--
ALTER TABLE `admin_operation_log`
  ADD PRIMARY KEY (`id`),
  ADD KEY `admin_operation_log_user_id_index` (`user_id`);

--
-- Indexes for table `admin_permissions`
--
ALTER TABLE `admin_permissions`
  ADD PRIMARY KEY (`id`),
  ADD UNIQUE KEY `admin_permissions_name_unique` (`name`);

--
-- Indexes for table `admin_roles`
--
ALTER TABLE `admin_roles`
  ADD PRIMARY KEY (`id`),
  ADD UNIQUE KEY `admin_roles_name_unique` (`name`);

--
-- Indexes for table `admin_role_menu`
--
ALTER TABLE `admin_role_menu`
  ADD KEY `admin_role_menu_role_id_menu_id_index` (`role_id`,`menu_id`);

--
-- Indexes for table `admin_role_permissions`
--
ALTER TABLE `admin_role_permissions`
  ADD KEY `admin_role_permissions_role_id_permission_id_index` (`role_id`,`permission_id`);

--
-- Indexes for table `admin_role_users`
--
ALTER TABLE `admin_role_users`
  ADD KEY `admin_role_users_role_id_user_id_index` (`role_id`,`user_id`);

--
-- Indexes for table `admin_users`
--
ALTER TABLE `admin_users`
  ADD PRIMARY KEY (`id`),
  ADD UNIQUE KEY `admin_users_username_unique` (`username`);

--
-- Indexes for table `admin_user_permissions`
--
ALTER TABLE `admin_user_permissions`
  ADD KEY `admin_user_permissions_user_id_permission_id_index` (`user_id`,`permission_id`);

--
-- Indexes for table `migrations`
--
ALTER TABLE `migrations`
  ADD PRIMARY KEY (`id`);

--
-- Indexes for table `m_agama`
--
ALTER TABLE `m_agama`
  ADD PRIMARY KEY (`id`);

--
-- Indexes for table `m_diagnosa`
--
ALTER TABLE `m_diagnosa`
  ADD PRIMARY KEY (`id`);

--
-- Indexes for table `m_gejala`
--
ALTER TABLE `m_gejala`
  ADD PRIMARY KEY (`id`);

--
-- Indexes for table `m_jenis_kelamin`
--
ALTER TABLE `m_jenis_kelamin`
  ADD PRIMARY KEY (`id`);

--
-- Indexes for table `m_pekerjaan`
--
ALTER TABLE `m_pekerjaan`
  ADD PRIMARY KEY (`id`);

--
-- Indexes for table `m_pendidikan`
--
ALTER TABLE `m_pendidikan`
  ADD PRIMARY KEY (`id`);

--
-- Indexes for table `m_solusi`
--
ALTER TABLE `m_solusi`
  ADD PRIMARY KEY (`id`);

--
-- Indexes for table `m_status_perkawinan`
--
ALTER TABLE `m_status_perkawinan`
  ADD PRIMARY KEY (`id`);

--
-- Indexes for table `password_resets`
--
ALTER TABLE `password_resets`
  ADD KEY `password_resets_email_index` (`email`);

--
-- Indexes for table `t_gejala`
--
ALTER TABLE `t_gejala`
  ADD PRIMARY KEY (`id`);

--
-- Indexes for table `t_pasien`
--
ALTER TABLE `t_pasien`
  ADD PRIMARY KEY (`id`);

--
-- Indexes for table `t_pasien_hasil`
--
ALTER TABLE `t_pasien_hasil`
  ADD PRIMARY KEY (`id`);

--
-- Indexes for table `users`
--
ALTER TABLE `users`
  ADD PRIMARY KEY (`id`),
  ADD UNIQUE KEY `users_email_unique` (`email`);

--
-- AUTO_INCREMENT for dumped tables
--

--
-- AUTO_INCREMENT for table `admin_menu`
--
ALTER TABLE `admin_menu`
  MODIFY `id` int(10) UNSIGNED NOT NULL AUTO_INCREMENT, AUTO_INCREMENT=18;

--
-- AUTO_INCREMENT for table `admin_operation_log`
--
ALTER TABLE `admin_operation_log`
  MODIFY `id` int(10) UNSIGNED NOT NULL AUTO_INCREMENT, AUTO_INCREMENT=518;

--
-- AUTO_INCREMENT for table `admin_permissions`
--
ALTER TABLE `admin_permissions`
  MODIFY `id` int(10) UNSIGNED NOT NULL AUTO_INCREMENT, AUTO_INCREMENT=6;

--
-- AUTO_INCREMENT for table `admin_roles`
--
ALTER TABLE `admin_roles`
  MODIFY `id` int(10) UNSIGNED NOT NULL AUTO_INCREMENT, AUTO_INCREMENT=2;

--
-- AUTO_INCREMENT for table `admin_users`
--
ALTER TABLE `admin_users`
  MODIFY `id` int(10) UNSIGNED NOT NULL AUTO_INCREMENT, AUTO_INCREMENT=2;

--
-- AUTO_INCREMENT for table `migrations`
--
ALTER TABLE `migrations`
  MODIFY `id` int(10) UNSIGNED NOT NULL AUTO_INCREMENT, AUTO_INCREMENT=4;

--
-- AUTO_INCREMENT for table `m_agama`
--
ALTER TABLE `m_agama`
  MODIFY `id` int(11) NOT NULL AUTO_INCREMENT, AUTO_INCREMENT=5;

--
-- AUTO_INCREMENT for table `m_diagnosa`
--
ALTER TABLE `m_diagnosa`
  MODIFY `id` int(5) NOT NULL AUTO_INCREMENT, AUTO_INCREMENT=5;

--
-- AUTO_INCREMENT for table `m_gejala`
--
ALTER TABLE `m_gejala`
  MODIFY `id` int(5) NOT NULL AUTO_INCREMENT, AUTO_INCREMENT=22;

--
-- AUTO_INCREMENT for table `m_jenis_kelamin`
--
ALTER TABLE `m_jenis_kelamin`
  MODIFY `id` int(11) NOT NULL AUTO_INCREMENT, AUTO_INCREMENT=3;

--
-- AUTO_INCREMENT for table `m_pekerjaan`
--
ALTER TABLE `m_pekerjaan`
  MODIFY `id` int(11) NOT NULL AUTO_INCREMENT, AUTO_INCREMENT=4;

--
-- AUTO_INCREMENT for table `m_pendidikan`
--
ALTER TABLE `m_pendidikan`
  MODIFY `id` int(11) NOT NULL AUTO_INCREMENT, AUTO_INCREMENT=7;

--
-- AUTO_INCREMENT for table `m_solusi`
--
ALTER TABLE `m_solusi`
  MODIFY `id` int(11) NOT NULL AUTO_INCREMENT, AUTO_INCREMENT=5;

--
-- AUTO_INCREMENT for table `m_status_perkawinan`
--
ALTER TABLE `m_status_perkawinan`
  MODIFY `id` int(11) NOT NULL AUTO_INCREMENT, AUTO_INCREMENT=4;

--
-- AUTO_INCREMENT for table `t_gejala`
--
ALTER TABLE `t_gejala`
  MODIFY `id` int(11) NOT NULL AUTO_INCREMENT, AUTO_INCREMENT=85;

--
-- AUTO_INCREMENT for table `t_pasien`
--
ALTER TABLE `t_pasien`
  MODIFY `id` int(11) NOT NULL AUTO_INCREMENT, AUTO_INCREMENT=8;

--
-- AUTO_INCREMENT for table `t_pasien_hasil`
--
ALTER TABLE `t_pasien_hasil`
  MODIFY `id` int(11) NOT NULL AUTO_INCREMENT, AUTO_INCREMENT=7;

--
-- AUTO_INCREMENT for table `users`
--
ALTER TABLE `users`
  MODIFY `id` int(10) UNSIGNED NOT NULL AUTO_INCREMENT;
COMMIT;

/*!40101 SET CHARACTER_SET_CLIENT=@OLD_CHARACTER_SET_CLIENT */;
/*!40101 SET CHARACTER_SET_RESULTS=@OLD_CHARACTER_SET_RESULTS */;
/*!40101 SET COLLATION_CONNECTION=@OLD_COLLATION_CONNECTION */;
